行标签,求和项:point
005CDHF0W,1059394539375841
00FXJB9B2,637228478
00T3NXXA9,20560363949754
023D2U314,441668438964561
02EWRECB1,6685307933216
02XNKDH8X,1411122400232789
03MPRFH8C,413477998780985
03UX84WLY,17365106804692
04AHXJGFD,4212073558913
04D5UV5XN,16060434583729
04G7TDAY3,13998155183
054N7CPVR,19972734903
05KN1RR3U,4461185481599209
06A0GBYLL,592416371226732
06DCWC1RE,2310304214669216
06KXF4UFK,5469813366113
06MWMBB26,277106045927690
06VRVMY1V,5862856621766
07GTU1BPX,9342105528
07H31WXCN,1848864964
07JW71HWG,8590773654016025
07WJ3V6EC,935642498468068
08825LEVF,902381313
08DDCV5JN,407857633978365
08HLNF1MX,24947580312217
08NDHBN7L,4653452017
08UFFV3X3,60185650451722
097DY95E8,1933255805
0AYJF4RJ6,22729863354940
0B4LPDY69,2069706069694276
0B8RTHY4D,4498774435039575
0BG1G97XU,2430461792
0C18FK9YC,158918184169749
0C3CUCRC6,10672434649585
0CALLC364,1496092767598
0CBM28JP6,2121218223647189
0CCFXC2HF,1937133676089
0CEA9XFKR,2811571981719695
0CT8JTRT0,12732230547059
0CWLHPYY3,2915948354
0CY93XRDW,274471563
0DPNNUGUN,892047243
0DT3GEJ6C,2750269706740547
0DVRLAA76,67758534452945
0EL43A30P,1224223863221822
0FC29NV4L,3780384502555
0FF0UH3WC,15576842261444
0FGGRVVKX,7576500916913
0FK11Y5NU,1593430927644
0FMCHXMU3,13541232360355
0FP64UDUD,64954610647
0FRFJDBER,772443728510
0GALMLWK6,67047773722709
0GE1226DU,0
0H64RCBD0,44092081827279
0HW56TXE9,1120814288
0J44KFKD9,501868636604389
0JBPBHLYY,4989356597723
0JY7F3EKU,36832174922643
0L7A849RH,5891160345
0L8U0FPNT,2519038814
0LNYFG35X,6505311992
0M875T3MD,12067854168897
0MF6U6UPK,3371074067462333
0MHM887UA,364937423804
0MNV86F1Y,2015403347
0MVC7W2PD,70947642749832
0NJH60E7V,257367533258977
0NLHKATWL,11032079909006
0PFGRW8W0,72893046096058
0PJ19NAE3,601783735045
0PU7WB54E,1854683058155
0R8BXPRC1,981230845316324
0RG48RYCE,8171526922247
0RVUANVB3,5495202271841
0TBMAXN7V,509262275
0TCF0A6Y5,5738419258
0TKFF5EG3,32389603844760128
0UT59MJ8U,27669625469896048
0UTVRAKFL,487451333658325
0V75M00RK,4433320261999
0V99GN8YT,29821938799
0VEMMV8E2,6504426676363
0VH5R6FB4,3329868464848
0VP15L48C,970592917146837
0WW0K5XEX,60872341649776
0XP0581BH,3530123835
0XUV5025C,1798711391002018
0YLUK30K6,576545415250291
0YYPWHY5Y,3399944497500
1047JNAJC,150131334108396
10YG8L6BK,23750936426433
11FB0EDDT,41517936921350872
11KVGWXAK,6554493730586109
11LUT7G35,158695023056318
11XTEEEJT,32963692416920012
12D1Y66C8,2007061963350
12KVAFYW2,361444530
13GY0NAD4,441973950955553
14UC9ML0N,788576745
151T5VP5D,4125615462
158GJNXLF,3299639423338
15CDERH19,10545651568
15UKCFG7X,8824832254321
1618JMRED,499076469507114
16FHNMMHA,14529191372132
16K4DG9HX,3133625375
16N3APL33,63542548742
17AEM7PUN,895802517546446
17DM6L40G,353597959826270
17LJ910A0,33089756080438
17TAUR6K6,4142727581
18XJRD75L,74916679605239
18YYNRFGA,1036042641084234
19W3J4UMV,5599235127453
1AK9VTG3W,18369143155486
1AMPK2P36,18489748200
1AXNRVY5J,1655113272
1BME38BCD,29072968507182052
1BPH8ARAX,2918806343265
1BVNBYTVC,6145936476
1C2GN787H,2737788897120
1CH3NK9UJ,2372940675191
1CHL70DKF,514994156798
1CWFDNDLL,7072518325
1D7T2UXC2,1632713865398024
1DU9LCND7,11925816838643800
1E8TVWRK1,48688537935
1EBG7YUTL,134093470480366
1EL57CDR0,444157789931421
1EPV8XAL6,2142272632234
1ET4JA893,623958542232
1F5EPPMLD,426394422639520
1FU9E90BV,2753210910856
1G66NAH8J,135998141037
1G89KTD5X,972870425548898
1GJC67JLM,1398845367176920
1GJRB2L30,56406113925418
1H5P6KV81,566368933763
1HG3PU6UA,966755173
1J1PMAJ90,28278558795635
1JB7FM8YY,85205794536964
1JNX2W0V1,2057691301605
1JPLHLE2K,2712580334
1JR8TL0XX,1558431279
1KC45CCTX,7249429423427
1KYR01H5V,4958955708418
1L7KKJLEW,30260400133446
1M0GGB8LU,3527094413213
1MHMKNGWE,9284048571
1MM5JYLMT,711732917614
1N4JY7A96,613377608863655
1NY2TXEWU,21416658866
1PPRTCGX2,5749660573
1RD7YE1P2,348347980
1T1BPVPRU,693936128969117
1T9GDPUMV,991337704428
1TTD4X6NC,1103718772
1U4JN5CXB,264328154165972
1UBNNHVLG,577473343181156
1UGGUYD5K,8862993245
1UXTTMAUA,1097461876113
1VHNJJHG0,1201435428404
1VP74B009,1044931335367
1VPK1PKFW,333015490381700
1VVCPXU7V,219926750746
1W054F5D6,10383126020
1XX6FWJRB,268095883408636
1YHDY3DR3,955749668274402
1YLFFXC1E,1729814878247457
229LK38CW,25975900133951
22KJV2PUP,71232525626440
22L92M15M,118359317290689
22PYAXMA7,10570131903294
23DU507YH,1206121584016
23PGPJ3NV,305009781100400
23YJ44XUE,19496637427697
25NBRL7Y9,5849449179
25PMPEMG7,40367312625604936
26CAPRWLJ,8172581824288
26GG42M4L,32506617395284
26JDLMBLN,3124753910561220
279NUYU7C,1097546197679108
27N2UHJYL,230076922680788
27PBGCDGM,7344989945
27R54NTJ6,10288336118
281AVFPPX,6648908939654
28MBJ3GNY,67967820420450
28X3RWD95,23080962545436
28XJ8NK4L,36083230680569
29RY7E1KW,2088606845
29YWG610N,220172093315
2A69E25N6,2379536966930432
2ADU9R25Y,10430919413
2AUM7L9BW,540109592048999
2B86GLUK0,332926583
2B97MH4YA,3647379639907997
2BB5YVRFL,5240896296275
2C3W33WJ1,1362474146
2CPVMP9BN,15601465293818
2CRT48K9F,9054084495196
2D5U098DB,198872642
2DYYAPFVN,4148617971533963
2FNB67NUV,32117401
2FR8K7EY0,2622700685
2GUNRFTBL,35782930236
2HEFYHN82,334109330687515
2HUHCWHK5,207550705943
2HXEP736H,4144566336
2HYNGG9PK,490933497
2J5W1LGR6,11645002551270
2J6PVJ9D9,4070095215
2JF4CMH55,23674074008
2JF7CU8EB,73529764203358
2JK7E4115,2100284226270894
2JTETEDC9,11251700896
2JVBK752G,2432528275791776
2JY96DK53,467896240522
2K5AM4RV0,6351443300970552
2KJ2UEC3P,1545164372223636
2L4HJXUUR,161619820597731
2L8R7GAV6,30990517952722
2LG8K5VAJ,12437966352977
2LLNGYPU6,20302845091128
2LTTD5V9E,1499874294
2MLF6F0C7,905474407077759
2NY9H8BR9,12426393356594044
2P4NCVPPE,2012962134
2RA4RLRC6,21320414755
2TJ0MD5T6,3861846292
2U4GLJXLJ,810707754070278
2UJ85J2FR,1633546858837
2UKNVBMBU,1206116739594349
2ULM366U6,12652192285957016
2VJG66JTH,2489713713302876
2WF4HKKRJ,8404860540326
2Y37JE5MJ,6961406036
2Y4GRU7TB,17130702006359
2YBBLUY1Y,5056310709
2YD6LJLKD,8730550277305
30VW9U24D,7007322027024
30W3RA65G,138759991218137
30YM43CUC,13580842864897
3194B9E93,377277515585712
31A7JKC69,2208506140244858
31JLYR280,5175595631563
31NCX860W,11872541704
321FF56TK,62277880126327
32E82BNXN,258540294862875
32PFHHB8B,778093099
33020862K,2125570484
34315W6UK,321609468
34GFB7LYU,180842979592989
351WGFU96,109668195071809
35BYVN5AW,104804433262374
36644VKJ3,20659832733
36DAM7HBL,2413818505786290
36T6UB6YA,97547070788837
36U4FKBM0,231715882123
378N79BKU,55182154809738
37DB0U3WN,6098464721
37N3TNTVB,93608738061498
37W90FGW8,666439942
37XRH86KU,1692004341
3878B3HBK,19413072288
387J15240,1534592626778
38JXMDXBT,14969074447592
38KAJGDGU,8557078554538170
38NW3BE99,108600095999
38WF15C16,311378666964
394UG5LNY,19636049422462
39Y0R2814,41565768462
3A126PN2D,462929831994
3A63DYH54,4957311695677396
3AD3RR3XV,1184851053065674
3AYUW8AB6,4525129702
3B58M2YUM,668306682
3BDTCERX6,10310483640948564
3BE2RELRC,2650225604825337
3DDPBCE5J,2749558975311
3DP2YYXX6,12886463796699
3DTVFRTH7,5796716218
3EJX5WB1A,139608957543116
3ELH7MRPA,43826105452226
3EP5KGPDW,177207831276072
3F0M4HXJE,2024087699917673
3FF3NB77X,2250266718294343
3FUP0PJ11,7138761383054
3FX6FXA5T,17603579879
3GNATPTJH,11873516711
3HDDYR4FU,4931305803493129
3HYM2FT9Y,845337881
3JDDUYURT,54274059667128
3JY9HHWJ8,965285561571
3K4T5H6LT,3810799147311
3KD9PBRLK,5461398964926
3L3TAA862,792274749726597
3L9FKNJ3U,795609420
3L9R1604N,1338673515
3LAFHDKE5,422668234620758
3LCTFNL70,19510034697
3LM0DRLRJ,69623981174899
3LPBPHL3V,1795001394087922
3LUL3WR8Y,1347639485353288
3N7FL0U6U,60687547962820
3NANDJVEF,26679719311533
3NRPDD21Y,7417495839252
3PFH9LL4K,67445094288
3PLMXJ3BY,7246471562
3PPKGW6KV,118775060873848
3PX54VTGB,9375098181206
3RH5MYBXV,167551530146325
3TBXTEBUE,17658556329
3TC9WAF9D,952445518065
3TKAM6VLE,9901371408
3U0J6E39X,344150712929
3U173PJVT,13389032570687
3U5ARMM9F,363595046
3UNLYR8RY,8990739454
3UV13EUUA,273088875223845
3WVU6L4B8,4396255408
3X8412GRF,1246134840672
3XCG5FGTR,15668507248
3Y00KEM90,6644308018
3YD4G47E2,811722667
3YFMY7JP6,2161141090
3YLAL07DN,39749729263
3YPGAUM04,760855315316707
3YWMY4JVN,21554943942373
407VAU0TT,88700416067398
40BG47FLT,4125100018711
414CEUPEH,692996926423659
41FW8E9RA,25198770491354
41MMMCM7G,38520368810887
41N8G98LV,38964005471155
4202AY8EJ,25801359974348
422KR6BPC,23842842555697
424NLTEE8,3997288573631275
427WENUC4,349195676740728
43235R4UP,638656970625529
43AJ7FFV0,414314431
43HRXMXWA,2203843600783730
445XPVT3M,2686490796652
44WRYMPC2,868622399
450MH1R6P,38652931035
4638YK7G8,2746414850569
46UP5GKU2,18942865647716
47K017YJL,120306508236541
487R5RVJ9,65474794574129
489T6K91X,91217610472
48BTAPMBG,19538713983786004
48GTYR1VB,202116933654899
48N7HVJH8,528198156039823
48UGMXDK3,1009331989673
48Y0H3H61,1036328619
494DMR1RJ,21965252310945320
49AMYCXCD,40545633601198800
49TL8LVT1,19782666682809
4AMB9E41N,3335543259929
4AT31VFAK,6570261421520
4B2FERVVT,16982855455494
4BU2PJLC1,4378715423622
4C2W8V139,368639730907
4CG7FRNG0,1543127044
4D3MJE0K4,1750341556
4EEENDTTW,34843445809
4ERDMUE31,6845416545
4FCR6BCNX,149051365935
4FLY7TX47,3597916545
4FR887RVF,1026237759647950
4FUWL63MV,80423167032057
4FXPC55PY,4137305595702949
4G729J6TX,114679176086
4GWA0DFUJ,1780186121
4H5NDMYH9,163887600062
4HCL7BG63,5723915357510
4HN9A6RD9,7432526296587
4J2XA79Y5,762241234544
4J35EAAHM,564389220278334
4JDV01ELT,3027652495
4K26FFX46,2746531730726
4K4JXGNX0,9386020154112
4KFYHHCUA,313471456
4KRBU0KFF,1539134950105390
4KX2KDLAB,2880341195
4LEPNP89A,376824672196377
4LLW1RBP6,6659237627340
4LYVLX709,14601563384395
4M3NPWXN1,254732501524
4MH8A378B,505263834589
4NDAG5E9N,466831918048772
4NFMU2WME,166026381066405
4NXJR5781,1936744698662
4RATY4E84,124562702799766
4RY75CKM4,4763274488826294
4TALX5GJ6,43571402465764
4TE2DCLVN,24724551504687
4UKGWTN1N,3539061789
4UM4MBM8N,25889392959
4URND90YY,876032623100923
4V1HD9MWX,2166752916
4W103GPB2,29770373254
4WECUYXVN,7360307265
4WKMNMJNB,5308397995
4WRYNBWU1,16894671230196
4WWM4VVDK,4075803955764524
4XRHRYDW4,11959637858290974
4XRK1Y0TH,4432511266
4XVD1CXVM,111326091887938
4YJYLLDHH,296756055919581
4YTFBJAMP,46908898121103
4YXER40YJ,731990435
51CF1LTGY,2672866243866848
51MM4F4GL,227263486650340
51TX2LK29,23400755364
52FRF8UFW,257899546411
535L2H3JU,723848110825435
535U5PPBM,675964179
53M4V2BVG,79080606018579
53NYG615U,821592006893770
546E85JGG,70038259712951
549A8RR3G,10640976828864
54JWUD9X0,2339054374223
54UAWUBHN,69789897689947
5561U9ACU,8122558191
55PWTE065,100531058359
56081A0NP,434728771554381
56CP8P7MF,13730269333249
573J1JVVK,3789683879744819
578YG6EAT,641959161924413
57HNJ07NK,3449015906840495
57UT319NN,4066841958190
57WK3FFC9,6985768865957
580WTT2T8,1757253858
58EPXVKXX,103241607270259
58FD7UF8J,860613093939970
58XPHM9GU,11467868865446
5922XL3TK,95892965177070
59AK7LJ7A,1023739071030959
5A880BHCF,7653130195
5BBPP71B1,9800813745193
5C2EVBBC1,111464373016210
5C8K2YT4F,345494806
5CD2JBY5K,35357254936746
5CG1W6CP5,212667245107
5DGU3J1B2,2108323006176
5DNPX1ULM,2895469410976
5DT38JWAK,492587807456364
5DUAAAPP7,4558715123074
5E18W9BWX,373705943
5E1R7JXTJ,6634281939
5E43J79Y5,6323406644
5EEXYEYH7,8830187844656
5GLTCW4YR,186683586743
5GTTGM3WN,50117482461082
5HEJXK83P,11460020838683
5HHM001FE,28930041731
5HK79LMM2,352329188335
5HTTUT7VK,367944702816
5HY7WRDDN,7970299816
5JA9K5FAK,277471979881041
5JJKPNN2W,2894544043096
5KFDF3U8L,71132597224021
5KGJX6VWP,141898341
5KK3DFY18,8495350416625780
5KTVTVKJH,46585558560926
5KY3B74UK,1538081713278
5L5TJF7YV,506132034882
5L9GNT78V,375361907015077
5MLBX9AC4,20915027854
5N3RXRRM0,2527547225
5ND05NCKT,88815703006335
5NPVVUGH7,1053688984199948
5P0UY69PK,2551165800277
5P0W7KUEN,1330855394
5P1B69EUD,21456721
5P8A9KP3U,3697285699137
5R0HJNPAL,995760133
5R48K950F,25006004512627
5R6WFVMJ5,10961596951
5RE5JHHAE,622638636026
5T8WRX8CU,7874844459
5TBT6KTYY,56079834257
5THY0BH4B,816596739505428
5TWR9PV56,243612859218
5U3W3560U,512371485
5U5EULE3N,288348853482127
5V9TDD4NF,1878708266156191
5VBB4F8N2,63249619635584
5VCRU63W0,519281394232332
5VFXP7GAJ,152324374755
5W8RPRVUA,7472885155116305
5W9UK1KAL,4856409153
5WUDLMWEP,2182753226123658
5X39Y4ED4,613432363796
5XD1B8T2A,14395088636
5XDKV30X2,1840525878283
5XMCT8EV9,31208676406863
5YAR2UWUH,18074552880
5YC6VF1VM,303835979034
5YEE75CB4,199541792994893
5YXVKDEKV,1702175794318724
600RPGWHR,2155513346
6045Y2RW7,11768775116983104
60D1TTYTV,1376787169725477
60KU468X3,310634632539566
612KFM25E,4470941047
61UTNTRU1,395079037186918
633TRP0GY,5568499024
6386KU76W,415048689204
639NXLKJ5,393506897144118
63AKA05VR,109991493246903
63MA3MVK9,4834086103
646YTH7KK,550891939043619
6531MBM0X,3712822889770
66BTJEEV6,238762831756675
66CJCABRN,8795075564
66MEVGTTK,591459548
66THBCWT1,6188031853
66UEBHTNB,77637988347607
6713P80H8,308954546921
67F1KB00K,13843701870382
684KR3EFP,31346760469436
68BAFE8CK,125597085717
68JHFM1EM,61982604071480
68MTL2RGE,11628036470
69JYHU29C,97807849296158
69LBVUA8R,848234615279
69PA9MXRL,2354203697
6ATNDH9J0,11858347839116
6B79AJXNY,343638011330
6BFC4G5YG,930760728778159
6BGTJB90L,34432452542762
6C9R15BLY,257920504092773
6CC2NT7HU,4970766379288
6CC83J3EJ,212825796861220
6CLTCLEVT,3656966497
6CMLETCV1,9510325003
6D49YVAT7,1141869594112723
6DFE57BY0,5966192577956
6DXDMMC1G,5259473144
6E27A15ER,253671005416048
6EAX4H2UK,3598645680405
6FR9PUDYC,440894525
6FWRD1K40,1870172675348069
6H800PBV7,3291264870811654
6HV2RH6TU,1140091007014409
6J2BDEHEG,17738092329509
6JCMUJX7E,5443873435791
6JFCA000E,1049953311
6JMDE20EE,460234111
6JPXTKDBB,30574347848
6JT4698RG,6354842541496
6KUYCDLGR,979518908533596
6KW1V9H6D,783334603700
6L409N4XE,1108295527
6LJMPLM0V,21242380010866
6LUGL17X5,1026645610592
6M1V9UG37,5328768189685
6MGN82KBC,1068845915
6MRL8N07V,445753746608
6MWHCNJE8,942726839639232
6N3F238R0,218384942048626
6NLPKL7D9,3359316356790
6NMAGYFJF,2144234848
6P87X0R93,8946838200
6PA6E3LKJ,715911759
6R5WAYC4D,18335051472435
6R825F7RA,68391040964
6RF9XY3GD,4398825908
6T2PJTL3B,18665298074
6TH8LRKE5,902630792970
6TP7J2E6G,9836816911
6U5YRWNNY,534910489411384
6UAFKBRPN,2835950957936
6UBCUGL3E,8458222926634
6UGJFTAEN,11748225298
6WJW7R1TD,1189556413912646
6WUADDR4U,180562665090399
6XJWABVN7,10364280812354
6XT6Y837L,940055801
6XX7GBM0K,21123071414483240
712BAU037,632299757
714FK75HX,812440109418765
714X39PEL,89738616033529
71E4C04N4,0
71HGYEJD1,537866492
71PW1VYLL,22793439274
71U58RMK3,2833106061207
71YH43YW2,4429601319
7279KLFCG,22954005730
72J0T27T1,9038769423126
72J5PWU5K,3395367516732050
72JD1J72G,1565550665235
72XD3ER0M,81152747576393
738KXH00G,7915660141
73CBYJYB0,9462319043202312
73ELWR4GW,654701864
73N4AB3LR,4458514356851289
73VTANA71,601337640
74C8GY80T,9585492579
74E4UNCUH,22250563648701
74HPWML1R,21713780385502
75UJ5RB97,3232558950580139
762FM3JV4,19483310647333
7688G09R9,21946780239
76RRURK4N,3093868234
77AWEMCFD,27536152224
77R0B759H,14906298887
786KJP4B9,32714304665783
787M83PDC,74191088005770
787P66W7E,25382332118182
78D55E05J,85551621351541
78NTNAJUY,8312125368
7930EPDGB,10286443792
79C17CHA2,22385654031983472
79M29YPHW,918894820198
7A9FXA5HH,13187322732400
7AATUNUPE,584156825994412
7AD7G4KVT,7242911018073
7AKUCYKB7,1305091317
7ATBLJDR8,1399167200
7AU131BMP,755836460
7B07VRW2N,747027635627046
7B0W0EWVA,452016332126136
7B3KWKBPX,12361808920538
7B8K574NX,64087822991359
7C0LC5RFT,465637767
7C8MGNVHJ,9938450921
7CP6HECWA,46063959601054
7D5TKBG45,16349039009074
7D5W8V5UD,53483531586673
7DEHK6CAJ,10846543820
7DRAN8UAK,21887043829876
7DWNRBTGA,195866663874867
7G23BHH2H,4607325082217
7HM5REYD0,270697268794
7HWM7661K,450609127626321
7J3DF36RX,3139699940573
7J5JK1W1W,545251890339256
7JW46B2LH,844901631
7JXPBNKNK,990031907786766
7KLYLRUDK,7026894297
7KNX3A4TN,1670016657
7LMARTXVN,632279235382135
7M20DPARM,8609655539
7MFVNY6L4,1603124776637
7MPNTWKTN,387228898677658
7MXXR7UBG,7870426004
7NFK6A4AN,20085254529395
7NJM1VURM,1176971988451608
7NTW9458F,15400751188320
7P4CAER9X,150919756663853
7PJY920KD,11207605053272
7R8NKPAB1,16650342556654668
7RLBR38MU,478568213102
7U20138DB,7816641322129423
7U4G2VY9K,190213723
7UAN6RT0D,3934524905047
7UBUGF7G1,46016695864
7UX6117P2,91235313142944
7VAFVHEG8,15837241804007
7VRH415VM,17854110347328
7W4PB2VDR,572837477244
7W66KAFEB,5942853908
7WUYE3E7M,8299624926
7WYJKK634,815609511
7X71T9R7J,69681874251022
7XAXY1P8A,5829918161
7XCGCUG96,64027768796210
7XH3K4GBT,13055091378122724
80K5510JB,71612296562627
80NVTNUN1,7131004421
828YTYAA9,827500482308251
82CY1DN9W,314657254363888
82HYF9GJ8,889117410
82N0BD8L7,764896318434
83TGL8UMJ,2622155744718
8588YN91J,169469293968434
85BT3MB4A,4698821269061
85D411XNB,1359590265552940
85G1K4U8U,27045533032084
85MVRVAB5,16547495422987
85PC904T8,237338525
865UE9UC6,1973088326878118
866DU609J,95755904460666
86HJ2R1H9,3961880489
87DTRY50Y,58589137947043
87HDVV93G,1989842760
88DJ300PJ,450101410716029
88GYM2J72,1428112872993
88PFL7AX5,21366117903
89CA9J5NW,1093386861224
89K2PRDC6,89405378009370
89K9Y7MX7,136479316598705
8A3NB6C6E,113750740849070
8ALENKXH5,2250223322539
8ARWEB67F,107096339023959
8AT7V1C7L,707254093013
8AUNDYXRC,6279756238
8B1F3K215,50018444112
8BAYBXUXC,1171002604409110
8BE94BEAJ,285486158
8BVPFEYNM,7955677274
8CEWMFEHX,815708832615319
8D52WXVEF,4835862288695
8DY1N1Y50,91354082189792
8EP8BFEV7,88752067314
8EX9KUG3E,51103437938688
8F6VFDJHN,391472458
8F7629VKU,156486818869
8FJUHRWH2,1663412846
8FR866PRY,5074790145608432
8FXXHE22A,143421825402784
8G1UVEL53,4846191836718
8GAY2WBT6,31992206458166
8GEP3C6H9,105241066623828
8HNWFP5VL,30584017406322
8HUPBBHNC,25675670237
8HWBKN20G,6001467526216
8J1GJT2BC,314401210007562
8J35LPWWE,46077195970
8JMW9G2XW,8336005705973078
8JWP01LN1,1001528048
8K30KYNP1,79032761924
8K6R9L378,3702171573
8KCJ6PD2B,691595374039
8KH5HV93T,11195577557
8KVDGWLUD,55474728158033
8KW7GP5CX,7905059557499
8L4UUJTAN,11366207748
8LFC49TWF,180686688911
8M2MFU9U0,451124074211208
8M6UDX260,7346165213461827
8MDA3A0AK,71138993921706
8MGJB6FMW,143961278020
8MJR5987G,7897814675353
8MKDCVN9B,115848833823938
8MLVA67AK,1933432447800344
8MTLYLH9F,2018972168610945
8MU7JE7FD,57529306047
8NF0R4W81,79361876705
8NFDBY4L5,547183763465980
8P39YRA1L,3982092964964254
8P4KFNFVH,11502542924
8PY7U19C9,1832505563
8R49BTWW6,12771363622304760
8RA5Y15D5,3118843570
8RR9G8UHU,1368647399955113
8T3BVWN6F,1994378622542
8TNGLVAHN,1464476912
8TXDN9C2K,6252041362
8UJNTV5BX,24421330257367
8UXWEHB72,5926362284
8VTJCPM0T,1919613156
8WAXGK70P,5474112152154
8WRERP3MJ,2643965061477
8XMW94CPX,39101902434
8XR91CRG2,654289985660676
8Y9U68DKX,784515185216
8YDE8BXJT,218536814972269
8YFF0WP45,138308213275
8YNHW7530,157728893714408
9147HWMAR,24712819470
919XF8V2V,4220769385303366
9216GYDDU,131846946
92DAKAG6N,2985101421269
934WPTP8R,2346134807
93HLXUHVV,12291683205
93UFP012L,3462484534
94401GCCP,201168940082
946GHDWF2,4656018279884142
95031TR10,3951738564328079
95TAREFPT,2349363335067599
96LWYJ3Y6,33666888730852
96M23BV22,132333061532908
96VF52WEJ,54346135238
974GR6CVN,17405434282846
976BY5JWK,1338205137961782
97BGFLKW9,164698044896686
97Y59KBF0,1385473412522
980BJWG6P,96831077169
982JR1WD0,18973801053597
998H940YN,11068377491704008
9AYD3XJ2D,65385657851829
9B2LV6GAW,31497722498794
9BHYELNY1,13310892151937
9BJJ94CU4,4725413357
9BLGT7REN,49546854548323
9C0KWR782,871705562609921
9C2FC74H2,89322462927765
9CRY10JFL,116708076334
9D1P6AXUR,11997957513
9D722M8KC,458752692767219
9DEATVWBM,4670285527
9DFV9UTW4,24005372908608
9DHBCLPXH,744453568598
9DKR4Y2CJ,4019763134714136
9E910GGD2,107334699748771
9EFLKML33,495944243338136
9EY08NNF4,8691602473920
9EYH317R8,318391887706635
9FA8T0L1N,937819416
9FF5JBNDF,5881706003625522
9GDHWXGVG,12106991305781472
9GEABLUDP,471778335253
9GJM7DD41,4751806959455
9JG01D3T2,936153555270679
9JTF508LB,11283011777870360
9JVBKD2W0,27433996912
9L0B2WTWX,525578960872000
9LH39LBCK,10091525795
9LHUMBEJ7,4774723340
9MAXP9A65,7898402986464
9N4F9P8DU,32854557224168
9P3D7FDXG,4543651447277
9PF5MA59P,3795247500
9PFFJW9GE,3410945076
9R4E0EDBV,23607610821521
9RET963PY,14873579695
9RYR14H9L,316213913883503
9T4VJXJ01,3489048234
9TF5YDRFL,1326253154097
9TGLGHE4R,167965038153
9U0VB1H5P,39366216073627
9U8KNU6U9,904436397933548
9UA1G4YRP,2054939347
9UG5KBX4V,8534432097
9UKKACGDU,2806850384583629
9VDEWVP01,206140623753548
9VVUHVLTK,6448328000106087
9W2CLLUAE,5559884080930
9W43TY3MB,1360747783359891
9WF9MWWH2,3044373151
9WJB6YPPN,518003009239146
9WNJACNNN,2173371293656
9X07VGM42,225795888173144
9XNH0HDBN,18398704966742
9YAHUCY7J,3065517376
9YAV17UUR,9588756392
9YG7C0VM7,2277774610776016
9YM3DBTB7,9027313033651540
9YRT8FBLL,1918030519
9YTN0M5PV,16719860499964
A135V4872,1989052796
A16RYNKD7,2742371568276
A19LYH21L,3735345501
A1GBKA16P,12896566151191
A208R9K5F,145841145468889
A2N4C0FHE,3368332729539
A2N8DBTB9,6280209980
A3472CNJE,615798370093103
A3X92L6YU,1159214642316177
A457YXJ5R,1143838557
A4FPUG5BH,768642089393
A56X45M2C,7090061119
A5V7XPC07,4507292442
A6XF7K90J,185333716198
A70H9H022,3925682948837
A73H7ENN2,1089473121635606
A7WWE0463,845338403950861
A84BK7PL4,42760859758004
A86FEX2JC,775484604591953
A8BJ5V3ET,47478228064921
A8RVEUYX5,2636747782428
A8Y33CALF,30171502188707
A92R69HTH,166431202244440
A9MA307FX,697790312569935
AA74NLRYD,142419075300890
AAHB7C276,1073372888408905
ABALH0AL3,9440385823060618
ABU58EVJ2,4449181514048976
ABW9LMXK0,146287942709
AC53CK0L3,4888906738
AC94W0LN2,10642500556
ACH6PMHX4,91864470582945
ACN9XERAU,10032767052
ACVP58JT7,8918604163284
AD9A9J96E,34714411749185
ADL6KGFYA,854139297653
ADV0547D7,16313015312659
ADV5B17VN,11874908417
AE3L01V24,2654719643085120
AEPTBPJTD,15402694490
AEXWLRWVJ,20681089761
AF1RTGH2W,180983611085
AFADMGXWJ,10515344663391
AFV2LPL78,5835985060892
AG9PKMMC3,1846038248662278
AGEG9KDT6,1384144464
AGJ215YND,1827329283539245
AH27N260E,223782405361
AHBU0595R,10558878796
AHE0E3JND,461503402927062
AJ8UVJ684,11014845704
AJRNP2E93,7544669051
AK795AE43,12294888585
AKF1PWWUL,32986862583996
AKF49TD3T,336460444546791
AKMHE88E0,1111550366707
AL0FALXTK,7901481494992
AM03TM30D,20694904566852
AM7PL854Y,214266230533
AND13836G,3641096169047319
AP9179DXT,6580019287
APD9U5CFA,419494183537666
AR9HR528A,1598363855943235
ARF3KPJ41,5084333070123
ARYW1G3TD,23414251303123
AT3H3J70M,1293408844879
AT3WYLPP8,3979156700011
ATB27G5P2,2722684128435816
ATE4GEUHP,17505807170
AUDYF2CJJ,312553484
AV8JY99KT,7171330019941
AVL0DW1CX,302825887526206
AVX749PPB,1867156977007930
AVY8PECF0,3561783181053
AW470U964,22234444412358
AWD4726F0,7971404464
AWFDLJ1HC,2816360631057581
AWPK4F8YL,1443072412735
AWRT385TJ,926621788875
AX1URGW0R,289538301607
AX2GWRBVC,36773328317
AXG81GPMP,9172466452154358
AXGGJ4EJ1,105289799869593
AYDP5L9V4,56856018852340
B08JAPP33,57152687771672
B10PM2856,37867944748
B14R5YE13,287609910319898
B1KYU3XF8,1286682299634592
B1RJE0HRM,12740501879527
B1XLN3U5P,109028729722245
B216PY7KK,6004733389
B2AN1PT0N,5517794821228
B2KV0EVPD,5130685419755775
B2VJACB1N,5487207257340
B3F5XPDHH,9449847890334
B3N8G5EKL,101532027671
B4ADNM80X,2216775657308520
B4B2VE0F5,1284871660
B5PCT2J9B,76358968891
B5RB6PDGT,2602298606533
B5U2PKR4P,19081155451
B5V2LNN43,26138402452710752
B647MRPHR,335976676512785
B6KWXGHWH,1367666364105989
B71BG58NH,2631660010
B86837CF4,7714854804806
B8J78ELKV,4469132542
B900X5JYR,42063857236945
B937E34F2,1334073800047472
B9B9MFAM1,3672381976334
B9UGAN695,537516837
BAB7W6VKX,254683154901
BB8UP1P1V,127639557867991
BBNEWB1UA,108237372445286
BC7LY5JYC,313423632
BCFMPKF2B,367564368
BCJRMHE75,14036203906370678
BDD8R1HDD,3430025499615
BE349FEW8,32246979607619
BE7F0WBL9,104488200048
BEAJP9KLV,1639586361
BELCUYCMH,2870477635408065
BEMED3RY1,798901390835931
BEUGE1GV8,1031418023188
BFVD52546,4186213660
BG041A4MD,14011484483292
BH244Y5H0,2535091735177669
BH9YH1YL5,4719207355067261
BHW3RTLYB,151485244036
BK8AXMYGC,244954509752597
BKLW6CR5L,53393050559828960
BKUHCT7WF,5209733702569700
BLG1J3DKE,154782776627
BLWGH8M84,2834874478578
BM6FK0N16,0
BM7AN9RM3,1328031895
BMR3178HR,85783940464676
BMU2XR32T,921322698
BP97HU721,946706785
BPC7XPNJG,6781492307
BPFAT416J,3640493944481
BPG4D3VMA,74892616902275
BPHHYC793,846572389273383
BPV7XL8F0,819187411753
BRXWKVG6W,683699537
BT22M41DV,3097809354390784
BT3GEWM5L,2447326621786445
BTVC9G95X,954321583361434
BUKPFCJCY,235766139133362
BUMKNLWVG,1138926693
BV6N464PB,3393844524785
BV8BT5HA9,4716250745
BVEEDJGKH,11504833651531
BVPHKBNC2,163976061523495
BW38LDPRF,1585156914969238
BWD9U1EJ2,368750228492007
BWM63NDR4,1060926524337
BX7W9FA88,75698037451398
BXC1T2HY2,734424506218354
BXGNMY466,81052048934
BXHG2KXAD,62486190302477
BXHX534VX,26245150553613
BXJ6WV4TB,87014619585763
BY5NV4UU8,57751656666264
BY88H1W9J,4261771403973
BYA3FA0X8,588362474907301
C003CD1RW,417432787355233
C021HVB2B,122594507433713
C0NDBKMRB,864500789564139
C0PGP6F0P,30058002294815
C28N2X207,6429431499
C2GXY2MWB,31584151713006
C2M5GJD7D,48686860966983
C2XLWUTL1,86509692232067
C3U9M5M0N,36761703705
C68491XHB,1813852183663335
C6HBJMY5L,175342566376
C6V311T2P,2447923274135614
C715VAD52,2780359188
C791XXLDF,61664749639867
C80XC2L54,58724491629294
C86X603JN,190850155651
C8A9CTB34,3489087967381099
C8W618P5V,1008337861461
C8WCYKBU4,464349610531418
C9DAJ6YFV,546973817856318
CA8EXDT4K,1786026870244
CBJ6YLG5N,19036938980
CCACL2CMM,488596746993784
CCWCNY3P5,17623809787
CDY5ND029,2432986675
CE30LX9L0,120368242081279
CEKE7MRMF,1612917667
CELRBBC84,1347663762275
CENJPPK6P,28651296456
CENWE1K5E,125636033
CEP973KKU,127617438327618
CEWV1CM7H,235820967184406
CEYA8U3XN,12307046365
CF9VNA4P1,1207999598
CFGH2P6TD,7882333432503
CFK94564X,1532927362911
CG883T34N,62503127742745
CGA16ENCP,1934416797938
CGLNW9PDU,589765440368
CGYYKUTGM,8348660775
CHYNT48H6,464690947312909
CJ398GJAT,181183153493260
CJ4L9MBRN,164736720
CJF72KJ6W,618006554
CJWR9P8LM,84095059007029
CJYYHVRP7,3984899586256
CKEJX38KH,2349123635425
CL9JCBTU6,249737423297
CM5THHYHB,11732265328751260
CMEM1LFVJ,4906107588262
CMH1RXEGH,56830232232202
CML0G54D5,7042884717
CMWVFLRFM,24611717885570
CN3RA5CKP,5070532348
CNA71VL13,20059348372
CP3KWKH07,32244429200120
CP5JE6KFV,1491563761599
CPT7M02TT,214903757416690
CPW7TWG99,12690772540
CPWFKH8JM,207234357888
CRHVET59V,244135335
CRKMDU2LL,14017417671586
CRXN961YF,204395423857379
CT8XW752X,1977533595284337
CTVU0JVDP,576930349
CTW8DKV5P,17876320612716416
CTYKFVT46,1028343614
CUAGDB62T,15499328524355
CV62FGL1U,15360861905700768
CV8NP1T8K,3677395176670
CVAYC232Y,5238604494
CVCV4YGB5,25003220
CVFYWNA8C,716220161337
CVJYALRGU,2723967019000
CVLAJYBTK,2431883565
CVM9F36FC,23542613665
CVYVYUGGE,723106539941
CW0FRHFXB,6893001945
CW1FEUNC0,13535892155877
CW8RB7869,7741949021842
CWG5LH3VE,470268454140107
CWJJA5DPU,279932799969
CWLK3KKHG,21945087746478
CWPWP1266,441599441646953
CWWFF81U6,535540078
CWXPKYDGU,8560974929
CX967RTGY,24961932742073184
CXARW7B4R,52841658652835
CXG25026E,5845194101802265
CXPCM150X,14708330935
CY02L6P79,4289302711
CY3GGDH7H,258917856764801
CY5794BMR,281841247
CY7BY8VKM,3820888937
CYC7TE27P,1169461342691
CYJAC1CK2,22875557437973
CYNFHNND2,29685387326
D05L347NB,52280998379742
D075KXX86,4577453364754
D0DP90JK1,20738043455
D1590FXAP,1215807421
D1YHB0B1A,1998995141431984
D2PBUKAVR,1296849
D2V19CM18,2400635899
D3215EVKW,273247761393
D3PGC4352,3448228045557
D4C8UTHFL,3208220168130
D4T08RK91,484503707267
D571XHDER,23395889547536
D5A2EEG7F,22819142313293080
D5YC75NF3,1528845894
D60RTVUP4,2717664546547
D619YC06A,2314665015
D6LVY6JCG,40551744436264
D74U0Y31D,104084803855232
D7B3UYDX2,9406621506067
D7H8MN2U4,15110140586420602
D7UA5ER1E,1518906751969236
D883F4F9A,8289676171075
D8APY2G9W,5629795035
D8CPWLGHJ,88352108647
D9BV437YX,792224417
DAGCPU3EA,2203115575
DALU6BL7L,593579566454461
DBHVM0X7P,1885184401521524
DCGA3JMPT,108464081
DDD0CFD5J,599383117
DDKKFN9Y5,30260919707556
DE09E45EE,14360207522048
DEPHA01DB,843101455937
DF6RY3BXN,23077477103
DF7FA982P,985374855472735
DFFYFJ2B6,1092207923276466
DFWX0K8J9,18108889978
DFXEH0E0B,618269381903246
DFXN9DB2H,3415286613148758
DH6C5B7WF,16176472997842784
DH97ANN9G,53049508666111
DHBGK1398,2085154580280258
DHKUGEWBJ,1641599252770483
DJE5GDV7B,2457612924
DKNHY5HH6,3758171077748187
DKPMRA0TA,151325484819122
DL35058T0,169353887425863
DLF2YK8WN,63835936410967
DLMCV2XMF,349393638656
DMA2JKKLC,9851672261
DMDF4VUL1,150219037780417
DMDVHGFUG,1134969222947917
DMGXNKE8L,162244273174
DMWLUP54C,22962699323164
DN2UB7JMG,8344119363971
DN3NLWTGU,2095204136556
DN7JYXDXX,811873494
DNF6THE7G,319592234
DNLYBK66L,127183445
DNNGG5R73,30495789628456
DP1VHHTK8,654774019500598
DPYCLN4EY,521631482173
DT16UPC5D,8100594739
DTF6J699K,3853728803
DU869RX4R,3854183837860
DUDHFR1W3,3009074657
DUK0X7DB1,12697368397032
DULFP3TRN,89701047184386
DUR1HCEG6,2966815507
DUWFNJP7Y,10423431938884
DVF76RK9D,476416644194735
DVHH1UEHK,9490347889748
DW13FCXPT,788267890166681
DWBLV9V69,96891679545442
DX1KUEUDK,237105955335
DY28U1W39,5874119674822
DY6Y6DLK0,6186273518063
DYA2LK0KK,28062158338400
DYAMB6AWK,1190583697
DYTW8H2KA,10664483382574
E0427ERB9,39540267861
E050K9859,141389707170046
E0J3H9A08,5938897122
E12PR824F,114494802144703
E17AJTJ9D,5758488916871
E1HVJ71JR,605074932016700
E34RNNCMJ,81482223704708
E4187MTU1,1628574890830
E437YDN05,24978955617912
E49YWK5YC,197048229727898
E4B4ME5V9,83049555612
E515TRU1G,321769522091558
E52PX91V8,73513948420083
E55XDF1PX,601298818
E58EXVMJU,763523613693896
E58FYF67C,603707851907352
E6LTKUYW4,11086989577164
E6WR9G75P,125967998108454
E70HVW2XL,4736665094
E719GTAYV,7448314804
E76N52LMW,2120017291878452
E7BN42VM3,148854236675
E7R11MYE8,75773487868790
E7UBFLW56,1639895501337474
E89P0BBCV,345086390
E8EGT47GT,844454920145246
E8K438RP1,111394938463801
E8P2VN49C,5615837739
E9FW5VTPK,3446191673803
E9RABCUL3,2558501870
EA7H8Y91R,4861961143347
EAU5JTX3H,4770523832519
EAY5EM96N,87820295115150
EBEUUEUPF,55629432514254
EC28PB9KN,7120327243964
ECUB8TE66,8324386798
EDBAMWXWB,77776327521239
EDFHK562A,2830395271883
EDGYH62K9,1175350430
EDLPLUDPJ,2255471037627
EE4BKR0AR,473960573543605
EECF9C0N3,4011659042875288
EEP20F2M8,224773336982949
EFF4703GY,45341892174704
EFYYG9TAY,14761561861976
EHGD5JJK1,562867897294548
EHXCUMC9U,4410440686
EHY4K2164,1831045856297
EJG6V1740,3139059669
EJY6B26D1,228031407380
EKACCPWWB,88126866910070
EKTJ1PUR6,3551102579
ELDXGWNA6,31387274346537
ELTW62751,1323756047174213
EMAN1DMK8,15885470789285
EMAVTJ4G4,433984911057
EMP3TCH05,119342716561728
EMVPJTR2Y,2666932093
ENBHEF37P,36608329474
ENLEJM4NU,1320201616481
ENRGE3M82,936517690488734
EP27EEH81,668275904493453
EPWMMAXNY,4400434198962864
ERB0FDW8V,367935868175
ERED0W3TV,4210714180120
ERJ33HKVR,10943358204
ERVDJMHPF,105398868776397
ET545UKAR,112423109
ETA39VRY0,2851906686
ETAMCYHME,5704063711251
ETGJELC95,1798171446
ETJJW4JHV,11508814025035
ETWL5GU2M,7271303078186
EU7JEAJL2,3005800053154
EU9T3G22H,103499080883158
EURW22K8J,10857697718288
EUXKJKXP9,92732625
EVH6G4GP8,20428896609
EWM0GK62C,105969461843314
EX5LY4JRC,37533258966
EX8WX1JY7,3365554051
EXF8N70D8,11243984802
EY8YN8J6X,719678202744534
EYEPHE14G,3752666510912014
EYN9H9N16,54455034907321264
F0292W7TD,132523718218
F02VGJVCW,2062160465
F08AHUJJ0,1889429379202838
F0DFY9N9C,3847109348
F2CFWVMY9,10939799833540776
F2FFNFUYE,19718621130
F2M746D4B,1911832514835088
F31A07X4V,242260641481825
F31CP8BR8,20327514143
F3RPT8YYH,21701050173
F48D0K617,6091479171
F4M2CD1U8,1893132184
F4NM3PE3X,9191565702164
F539KNLMW,9763191166
F53AELUNC,67582533301911
F56XEUUBE,1490499486674947
F5C8MT9J6,14816478097815
F5F1K66RR,10077471541693
F5RT399FG,7053555048792
F5XJ40VXD,504676098
F69U59H6J,0
F6H7917TW,4308124824
F6JMFHJK4,544012636662251
F6LNJNE83,14842782885
F6T4HCV89,927485690052
F6XDTBB4F,1920904646
F76LJJ896,117891312616
F7CMT794K,2612591223498
F7Y0XP6VY,6786471734400
F8MLHU2NV,11068693098830196
F8XF0EV8X,3982458481
F90XW14UP,745250763590532
F999KJPDR,3782071081291
FA0LCGP8K,829279445
FAA2MVGB6,627426858
FABU1014D,42767077864032
FB9BA3L7Y,14248361728
FBA3AGJVX,46574720945059
FC8NBAJBT,17239387665331736
FCPHKWR7G,265622528135589
FD24TD6C5,439441692267286
FDG1BJKF0,662167713579
FDU1F9PUW,154993137690079
FDWY9N1P7,882256446391659
FE282F3VH,4931198173084179
FEC783VWR,3023160613
FF4XH0P3A,26567367184275
FFEFNVBD1,14251581873
FFLK4FP0D,649421796273
FFMGXLUAA,1122955017000
FG4170141,1962193379205238
FG5VFFNRK,9623866145141640
FG9A9ARX1,302748444998747
FH54A1HEX,978943743162
FH6P6RT03,3497051111864
FH7G62PKW,11652874269661848
FHN78V2DJ,102547502446549
FHNJ15LVE,8189840856
FJMA5BPPE,124056042027342
FJTEG8XV0,1351104847645
FJV83JWG5,19081427269750
FK5MUK0ET,19240981515441436
FK8EUX6V3,2448099576636
FL35B1N36,350777228
FL60DG573,69474827307894
FLFXP0T22,33699495531774
FLP972WR3,8114912544
FLVHVPJC5,2658168619762
FM9RNU8L0,49799429834911
FMKLCT6CF,4530133643
FMKP92LRL,3465766753071746
FMX18M4EL,3400140934
FMY7URDE0,630519289181
FN6HMA6KH,27294499767665
FNHT9JFY4,93749745531670
FNMV166UY,351530812272124
FPWB11WF1,552800768654
FR5PDRB5Y,398856515220863
FRC9XX0XM,471038850
FTC8Y3MB0,9502397967
FTF09PHBU,836521675482
FTM3JB79M,1887672894
FTUJJ5KM9,130118959820345
FTY0R8KPH,6173956038371435
FV38N1J23,779164645629658
FV4DLY50U,46243955006360
FVJABCVP3,2277213422705660
FVJFA973A,50694959397908776
FVTGWWP0T,25674708112441
FWFW6YY1T,8171586450
FXAE4V7AJ,32085958261533
FYUP08C40,936938288
FYX2G9RLP,4515973399
FYYCPJEKC,598059451
G0J2F9NAL,4789595956907166
G0WK9025W,575038042239147
G0WRCNRWK,1888766111447776
G19FFDVKH,2486202105012
G1AFM0R9A,9199102230282
G1HBGEKAL,42279221102638
G202YTPW1,58534510406715
G2B2TC3PK,33715562532
G2BWENR1C,444543649530051
G2WL65JFE,1433066457172
G3EKBADTC,23159282247477
G3X8X7W8W,387316509
G46VKLHUU,519291045765
G4AJPEJ97,519997187590
G4MHD90WJ,10586269993
G4Y7CDPCB,18112803400
G59NGM0XA,19340226898223140
G6EH0KHT7,634950151488805
G6KE802PE,15575522680290
G76W0MVXF,1232185411
G7C4BPUBC,3034146854
G810MK0NW,16448906034571
G85JUBW1R,79805736947
G89BFNPFC,52253947438
G89DFNRD4,4066375111
G8EE23LB9,95655758353916
G8F0M2PH2,1623013400228008
G8K4NUR4T,98574128946320
G8KW2ELWR,1646095422616
G9CCKEANL,11895144033
G9PDJV386,52006121113691
G9PGM5K68,225483575618116
GAVKLWBNE,1399297993013
GB13WCFU9,24758653444
GBEJMUFWT,32274036447603
GBGFR3LVR,65591770949038
GBTRU6RV0,25853429886819
GC2LB58KB,189991248865386
GC3MH39TA,36038107760129
GCFA4WL28,51228772561036
GDP8VNCVW,4914938842083
GE3TL53AP,703615725678741
GE6UWENJ6,1587273290
GEAEAE83C,10807634183
GEW55W510,2775776596
GFN8ACPAC,22655032494
GFT6PFJ21,1565519015
GG3FBRTH6,50954146604
GG56G6WKD,252215449776684
GGCKK69C9,58396397080970
GGK2P93JK,656267423112
GH8KWPU3G,106315416241
GHP9942F3,660501971
GJ9C8YJE2,88693248479
GJCKB88YE,43306279611023
GK7JNB0NW,443562860032436
GK7LC4UWM,16412145294
GKR9TEBYC,12839385832536240
GL2MWT0L8,668522717
GL8PF1YV6,21815165867
GLP0WPDRM,219223591906705
GM816GWEN,14135152031
GMEF2K8DL,10355805594758924
GMKTGU0RT,18084823771445
GMYGNRHPJ,7280901049217
GN1798YEX,4144761225940206
GN3TAUUMT,2052276080592
GN9EEL045,1688030176138600
GNECRHV59,8719435619960
GNYPXJ2BU,1486102153
GP6E7TYP9,1146576456692
GPAAHVHCL,159487943252008
GPKTRBCTT,6140116092833695
GPNHEGM8H,510458897450695
GPWUD2Y47,73658497541754
GPYBX3CGU,16665477644
GR65FP8VN,1392402073655108
GR750NEY3,12612998440860
GRXLXEU47,8845414850411
GT5DKN3LV,140287327165
GT92VYGBA,1050905440297
GU24PVDA6,862041524940832
GU3LGUC6N,351431256
GUB0YLPWA,1940829514239805
GURJ71UCE,987723758
GVATEX7GC,11561240379783
GVNKNN878,318354586435115
GVT61ATX0,12561169595106316
GVY1F8C9D,7221441222529680
GW4CH70HK,4988295416247407
GW8GBG6VC,46351428684085
GW8ULCETV,552380810480054
GWGDMA3YC,1810093376346492
GX3WH86R9,7195063996868
GXAE7AM9U,360050076975
GXJJKUPAB,18365338448
GXR6C85BT,37362393455342904
GYBERP62P,1043416588
GYCCTXUND,14251845798010
GYEJHDWC2,50402042276
GYH0B7CVU,1291332788517
GYJ3C6TKR,256470735303290
GYJHAE1TJ,8237784825130
H0652CHBR,1338425174498
H0CCTJREV,35576933268706
H0DV3JJGA,1957608584605282
H1G4CDT6C,147020170970310
H1J8Y6T3B,1103150915
H1LJBTPUX,1421222686535
H1LTYMK0B,458246031032818
H1XNGBDFT,6035399274704
H3PE5XXM4,4431299852
H3RE0VLMK,45696174097828
H3T7BH4N7,31898852896160
H4FK3UYY2,71757520381806
H4U8CMEKU,72051174161310
H55HXV0N4,861157840429219
H5EKCWG1W,6384500449087
H5F25TNGR,5951005541066
H5MEVB5ET,15074441803
H5UXKCM5F,45289717994
H691U738B,2746037499
H6A9WG5V2,642175953819
H6CCL64P9,377361798923679
H6JWBBGCG,11606162445865390
H6WUKUGM4,366486024
H7KAMMKFX,17405723314
H7VN32PR7,1339892709
H7XTA61FW,68121731760
H80CRGF4B,625108574597
H837E0M9R,3325162942454446
H8YDTAK4V,54776337232
HA6MUTC30,55787546639706
HAW490WUF,63868977250295
HAYRY1DW9,69986223512104
HB2CV4C4U,1510859318554281
HB9AU9DJJ,587960486765241
HBD61R6WC,344079944562877
HBEN71JL1,8852805366
HBK6KCRPP,10475522575948448
HBM31HMUY,17702062712583216
HBU5TBBGA,4777110592
HBUK6F7CC,21927732096302412
HC1M3NR7C,1050984669584
HC7H303E2,24045022196713
HCFG1U7RV,305436707
HCWF8VYD0,9076263373966
HD281MF0A,484021601687
HD2RY13CG,1735040395
HDD9DJVTB,703930577074
HG3YGDXHG,113898843462
HG65KRMGW,52197625547
HGRP0LCCF,4926979639
HGVHHB78D,14715879091199
HH93ADAW3,126721924225474
HHMRTM0P7,1267041203556
HHVF0UCNC,4885845841464
HJ2UUBCPB,27153965942
HK0E91U71,117288851770573
HKETDDCK6,1568835103965585
HKKCM3W4M,102940786796
HKTEMRDA9,2631928821984
HLD3X0E6T,239681067
HMB9LYA8Y,4514400576237
HMBW9DXY2,4522627083868161
HN1MGGXRJ,5281997628
HN777M51H,810416636785
HNGMTKLYK,2807799773
HNUF2ERN0,17381377595148
HPFGWGK6N,21293745122
HPFT3HMNJ,41295089500
HPH027CBA,2005687024
HPJ5JJCNM,8824114659
HPTHY23VR,1609553219939494
HR8X5DVLG,4502648430
HRTGYAN3N,125990013326005
HT155PUA0,1949813283
HT7F27PEP,905471553493440
HT8JWGTRR,2822185041138
HTMTW9HLW,69260074961557
HTNXH1X79,2060744864
HU6K4GA0A,4032944835437
HUH0DCF2L,10604924557
HUYTHRVUX,101623665335101
HVJXPC4LU,40787810359
HVXALW3EX,208881961207
HWGKA410A,995442140139
HWHW59AXY,9652073006
HWJ8XPW0T,6941099749328679
HWMV33W7Y,2741113405651962
HWWRP6K2J,1308693718522
HX2TUDRA9,684216340070369
HX3YDPYUJ,555854745114
HXVYGL96H,127686488524599
HXXWV79PL,723737193681725
HY3FWX1GL,138238556259
HYCHBXDB0,283238574945
HYUMHA27V,974361955694760
HYW8FP2GR,278805066322298
J05PKV648,5652713702052
J09VEX2ER,2615735380243
J0DGEAYBM,17457293848134
J0N1E3Y09,3307955505673477
J0PT5EX42,107438419995636
J1DUU3T0H,9935109926379
J2BVEWRJ1,7918008174436
J3RFF5FDA,7152089614383
J44XXU43T,24344678451
J4KPR8GX0,69928440668753
J4NTXG4T2,19162564398
J4R8W2ERA,1625371588417
J5CJ60JTY,46418452737734
J5CKL5YPX,117451859282236
J5FJNX88N,12213094728576
J5PR6K4GX,3917216135
J62DRC7J5,1621791738796342
J79LGCKKF,1218782291704762
J7FU6HMXT,142570101918
J7N4W6Y1K,14193888056046052
J7V3NXF0C,7405180370
J800VVPTN,9784427939729880
J80MEYHBC,1904620741450425
J83JWJ028,780180923324474
J8GM3V8KB,14011354033359
J8HXTJ8TB,13571188552066588
J8YK0M7XA,4149284484
J9T0UFKXG,586496729173477
JA2C658FW,5993204794490852
JBCC8NFRX,3039333810
JBUP9N61Y,23179711129
JBWTMUYAW,322113230430534
JC1YYRXMB,16399627906
JC30FUPH3,74050837284341
JCRNT9GKB,811309792077031
JD0UP0GB5,697110299716
JD1PFYJWE,74017367366695
JD541JRXE,13914675266642
JDAG79TG7,16309808165580724
JDAUTGR5N,101790079825439
JDHWPLJ32,229586042779285
JDYW63BXN,22609361320342
JE7V5MM31,11929919606540012
JELJU33D4,2388021040
JF6DGFL11,130255783181084
JFNRLDKWA,909364249451811
JH5FX56N2,30494046388732
JH85J6UTU,3138066565
JHTULVV5P,2114673331182778
JJ8EPVHMF,6566347640303
JJCXTT85M,10013213613623
JK18AK75H,38032240872371
JK31VLBUV,37784498472479
JKAYY0KXL,79093213446923
JLKVK4MY7,4910802013
JLW5AUV36,2434240956
JNL5NM6EL,5414336106
JNMVA1U8M,8949009409
JP1DL8MRT,6217359639
JPDRGBDVP,345344850361
JPNNY7W5F,18640555156883
JR306W0RL,14916303119442
JRAC1HYUD,1024642578648614
JRFM5DW6T,728586895439
JTBMEXV8L,6278178799716
JTJKAXF0U,62358337369402
JTX1G19BP,14540036861330128
JU476V6K9,1169587506376672
JU71U26N3,4349646392361
JULNW7X13,409033855
JUR1D0LRC,1101662515
JVUNVCT8P,2975414202528899
JVX27DWXH,220001298530
JWC7LBANB,5302403598
JWJ1UK0RC,7631614409576
JWKMYEELY,108208088551554
JWUL2T36L,1881379063666159
JX0BXWNWH,14086764066509
JX3A0BCAU,343551901540601
JX6D6TL96,33904734745
JXLHBW93K,50429506418611
JXN6XJAFK,549089333494072
JXRJY65D8,4947684324
JXUPB88HM,10685428567
JY5D932W7,604723894762
JY79RPB1D,508998776670401
K00A4AVTK,121329294730
K06JT355N,12219904097
K0ATKT27L,236400891659207
K0K0V24GY,46258874136
K0RAGWUXB,21449089807
K169NG9RE,27745109862767
K25DPPGT9,3639002098443814
K2B19R5LX,12084884901
K2JF9P72X,118268731989730
K2L5DCVNR,1587141274840647
K2LXDFJW2,602915113
K2YDNUL0V,66590777409949
K3LMN5JHH,67141115324725
K3R1XY8UT,1874759421868
K44BC8GLR,73268681528757
K4EGD5V86,298328702230171
K4KFPVFP3,4614154751
K4LJNWYG5,40970061753283
K4TAHF9YA,7871006650043464
K5RXNH1TK,67779238953335
K5TN1RT6D,11787528270724
K664R1LYM,15327848687
K69M1X95F,46067023708921
K7JJTMPXB,429190715993811
K7LC46V5M,99320626702536
K8C99H42D,10677652382023932
K95YH6P1C,126367552740961
KA1249N3H,556691411149527
KA2MHJTBU,3379265278950
KA3D805XV,120884541935670
KA652DGYV,151799816636848
KANLFTMVJ,96062481383738
KARUFA7TN,160882578056088
KB51KEGNM,10973801893092
KB5BFK7J6,60191446708002
KBJ2P8T0Y,4444085789201566
KC1W74B9B,610949998819218
KC3AC34GV,814051311873308
KCDM7GKM3,7383835041
KDXBTCTXB,2482724476293
KEDLY8MBW,29763433068713
KFC62L0FV,6338912142044846
KGBDPVHXM,24168415008318
KGD2P8TJ6,64835131161837
KGDNX3EF3,2087062445399106
KGF0L576E,13480659487825
KGFV7AB2J,2455050794
KGG6VMD1R,11642689797621
KGY709ULG,305472852998468
KHAKJKC0A,245864896689508
KHE3R0EE7,629298056361929
KJDNHL66C,106275186350
KJRCDAB1A,181254624227880
KJU0BU77M,151937968843058
KJVD138JU,14007152007651
KK166BYL7,3876925316
KK87H4HVJ,172990285871
KL0J9MW93,368538406
KLW9TT5TB,3267714827
KM6X3YT8F,45767726082262
KMB0AKP3H,252232082
KND3T7056,6751658620330083
KNRD3YG7N,49863878656672
KNVJVD2UG,12463838099
KPABV0UJM,10954541552210
KPF75YTAD,144134009
KPUYXN27J,154339116701327
KPVJD4A1H,37876692904527
KR1MBWNCE,2945818111548
KRLTMVMX4,4026474850
KT4C59NXG,12799131693616242
KT4P0CHHC,7344802656186
KU99K4MGJ,7850481979796
KULVP7FDR,6354523048862444
KUVF6HT3A,12878200689
KVCHR595K,8724573358501
KW03UYM9N,1552283362
KW0RM1LEP,10491802975209090
KW9K8TL2V,3787231521
KWFJDTKE7,26633772576854
KWGW754YF,264100412
KWX0HVHCT,969944387856319
KX02L31FN,977797752960
KXB93FVTR,3047502330818423
KXEDEK8B5,64769684687847
KXEME076E,1313614554008
KXMXL2KRX,477991864780
KXU941RFJ,10195348287131928
KY4NEVD9W,25198383898
KYHBW5H37,6967980866
KYX3JNA95,840767016
KYYFVLMHG,36833348094
L0DUDXTUT,1565635104
L0FARL5TT,13643449312970
L10A3854K,256020221675965
L15B25270,9140063199373572
L1V12WNE5,30580125376921
L1VGJTD5P,3276303074282285
L1XRGHJFA,33711313605041
L231MX6MB,343306842709118
L28X4MDJN,3908244216283726
L2FNUE45V,35716848922333
L2HJ46YVK,3539456358
L3NN1RWMY,8772061773177232
L5BGEMYVA,148730256148
L5L28YLA4,108825335098792
L6KBD6DH4,2449185414513
L6MF2MPBN,210790907612492
L752A9NPV,261851434527896
L7HH7E0XR,27509589827597
L8P92099D,6687002785
L8PGT1NEJ,7713544040
L91N4WPUD,1101973479899
L9MR6PF86,2214948851
L9P7RH1K7,116526256292276
LA1R8LJTX,2243046746
LA9AH1LHX,2561190750
LAKRG5NK9,668347188867966
LB0K3MHND,90285660487809
LB2YHKR6K,2813806863
LB7PPTFAP,436471
LB9709JP4,111568546583754
LCH1TVXTJ,6205155198
LD34NCH5R,258515356036838
LDC262117,10961633523
LEC0KKMGL,10881375
LEHXHMR8N,51329455643516
LETV4C1KG,8339985057531
LEVHY76NL,10047498486325
LFB48H6MU,301073113058421
LFY1X9E0X,8390629571
LG3XF86RM,762492098451
LHDVYA6RX,1354672061472
LHU88R0LV,30185309147815
LHXNEF3D5,3110699907640627
LJDN0RMYD,2545808561365
LJMD3TWBB,102876622075
LJNCAEVAP,237167967448310
LK3P80BUN,12507852849
LKFW0NTVG,1939871272024
LL1WXGV5L,20448424618205
LL3VMK1YF,2104460354
LLDLG20UU,1061140682687722
LMC8CUT41,16593600486873
LMGYN5VAV,83505471540040
LMH98656T,4281336642893
LNGXT5UP6,4455120619637
LNP25PRBF,15997653014
LNY720KVK,40701406361293
LR4FT12JM,2120482446
LRKPMCYFL,3718055881
LRLV3X3RT,14132229844
LRP7AHW5N,805739230
LT3CCEBFE,249153823631438
LT9K2FP23,2044917562499851
LTAG28AVM,64561310238256
LTDG4PP96,77516924283629
LTLT125PE,12053014524
LUBV8WC82,105338700816101
LUDNM40F8,4040297246854053
LUH7URBF3,527407958968
LUMM4W0UF,779004415579266
LUUPDMG3M,15129591908
LUUR1D2PB,511034365184
LUYG5CWPJ,238410080636076
LV1YMY533,6096802853
LV51699A1,1363156440693
LW7MG1ERX,121269696965590
LX25CP0TG,1133149605149521
LY0XPW7NL,3602612951444151
LYPVAETHY,1771240894307417
LYYHXG7NT,1099374335129
M08GKL70U,1335257807070053
M0HHDC9CJ,55568703351
M0T3JUMGL,218888301206
M158PJ2UM,394880343886
M19W0KC8A,224806428093
M1DLCR0R8,98748717147299
M1RUXX1ET,10374320107
M1XP746D8,1062336611
M206VENTF,1351718591267313
M2DG95X9J,73877611441795
M2Y673XYD,7236491246383
M30V90CUA,3312582729945
M3D7Y6B1H,23241903
M3KJ1HMAU,2513749615295
M44P06CH5,52149247772601
M49MMBK4F,116704286939929
M4B9VNG7R,789824552211
M4D0VP1XT,387360386493830
M4E1LX8B8,6536245069
M4YY7PV0G,112730456224960
M5LHG6R4T,42349582450270656
M5P5T4TX3,942518387271
M61FLLUT4,7415665782
M67ACEP3M,3411907054305343
M6JPV9MVW,663780948580329
M6NUAVA16,2832786844
M6UPWJ6DU,1752178551805269
M7169V8ND,4496009182
M73M4R63K,2429520640896
M74P64HDW,22799700024047
M7HJCP8WY,376279741906985
M7PWTT3PY,22884075569266
M851LEV3N,1174611355145755
M8FM7P139,3965771591211832
M8LEKM6U4,6647535364954120
M98A9R3DT,119734236948
M9WU92U7V,455171776
MA5PCVFXF,6706375364281
MBAX5KWM2,324272617250
MC5J1MV11,98290745432884
MCFN901TJ,1465120767
MCKLPUFF4,6015205190892
MD802VP2H,292599491031520
ME2G808E7,9662452345
METTKFVC3,306721096650111
MEUR21TPK,13052011091
MF6GL0RVL,81478233433
MFRXC8MVG,59961047127287
MG1G6F487,80565173342338
MG1P2NUY1,3643449925895
MG2RMMN2B,6237050174143
MG3X118W7,352072106274405
MGLMY316W,5827881516078
MGN8DYTTN,57941649099415
MH6M1RMPT,10788227579
MJX5YVH56,19423893238832
MKABETXAV,12796740107
MKUXK0AAY,7605954596
MP6R3PCAE,8686922878978
MPGVDVUDA,1673239677
MPPDGVPWX,3282470214406
MPPT6RGLV,13374786970274
MTBP3B4GM,7538434969064497
MTBRETXHJ,7981066952366
MTCCGYJU0,22386480498
MTKJVW1G3,5711794338
MU7M5NFXM,94622614067617
MUXWTW1GV,1934583206997600
MV7XM9K9K,17263656110580
MV95R5E0Y,1648767580080
MVMP6NNXD,5491949625355550
MVRFVTGU6,912467078054
MVYED4TN7,1837543709
MWGW9CDWL,20376079619
MWHJ339TF,1790017652365689
MWPAL1AET,2502242149
MWT91W455,38047741944833
MWXP6RMA7,132784573471
MXKTH01TF,74939394964705
MXN85G5KF,17371132441225
MXNCA0703,201818466558626
MXRMXDY28,5445921538
MY7PHGEAX,407361182148210
MYBMY3EC4,1479604157
MYTCXJ12B,627992255844676
N0EXH1CM1,9950407453267448
N0JXLUDHV,6826286146831
N1DJVPGP8,6009924877707808
N1JAJ83CA,2475484925986714
N1JM7M3YC,1910749012986443
N2KCENRKH,5273424254869241
N2V9XA8A9,255074964427
N34LHVJKN,998580271982585
N3YMU1HNU,2100814586079
N45AC292K,5457773437
N4LXXW90M,6230166731021
N57VWGXGK,133731815524
N5Y24VNFN,872833733
N6LR8C7AE,9112433162528
N6T2MVATD,58700281630620
N6XAGG1BL,47405067706718
N752V1LD6,5962427346593013
N7GLY2RUW,6129254046573594
N7J2R9JDN,82919580197426
N83DW3NYG,1505368891692223
N8944X480,26536647050121
N8L41JAA7,10184847751611340
N8U60CT8E,1283613512277
N94LEWF2D,498032916073189
N9B8HXXR0,14364714765869
NA7CCGNDH,33161282064003
NA8FEYN0M,4677898528590161
NAJUU97FE,5768693143878
NB0HX9KP8,827191914592049
NB8HBPBVD,1742072567966
NC2YT2V28,19027044265712948
NCX28D4VB,15111936796276
NDFW9C99C,1189324670382318
NDGW77R2V,282099315986887
NDJ87RBUC,16162525020428
NDTPN879N,620843071920108
NEYBE8EX2,12579828721199
NFAEPAU8F,43794724400
NFMEGRJ45,41901780157265
NFMLE6Y2B,1377466001656
NG47YWRR1,2822819763578221
NGFXVPCGX,232989480226389
NGMU0511T,103886689784962
NH81F52TE,10801601549
NHA0WEU8N,34945171207853
NHAA6WXVA,5136514631
NHG1KW6C6,588875018153
NHRYJF8AM,684088071
NJBBTCY3A,2714608256409876
NK05UMLWW,112180163984799
NK17PY5LW,42430612916095
NK8CTXAEA,1471501428783496
NL1MPRG05,400204595653174
NLB84DYBF,26408532579701
NLPP2YUF9,1212367092742
NLTAB4BLF,112126818736278
NLUJRKCK5,1755742816645180
NM0LF7XTN,18423136976499
NMC7J3N5X,301190361
NMFBD39FM,651906935449301
NMGYE73JP,801669488263
NMT63RUDV,12241095412316450
NN4U6NV2W,160425192072977
NP57JXPBD,8963175876
NP62BXJA6,1391533260920
NP81N8ENL,18736797516
NP8F9KU0J,30307758055
NPDK1A7BD,1403463108789171
NPLTAWN04,156632858999233
NRJBADUT8,3901722426456
NRK4MV1C1,10908965050834
NT2KU5174,1603622797406360
NT5R9RYCX,3713123075
NT82L1V35,22782358942070
NTDM30NB6,10460638130284
NTEN8U71F,7534465204111
NTMHE54LG,749145599319
NTRNXXKX6,1074513568
NVTUPU3N6,4139637780
NW3GK4CAD,6987465681
NX9KJK529,3008408245754
NXAL16LPA,26581552136
NY54H2A8T,41593002107
NYR9J6X4A,625693648
P01RCC6L2,45661397316203
P09JJKN9R,7516968385894
P0KRCV1B5,294159515
P0NKCE0HX,1839707414
P0P538TXF,13824033865996
P12ELLJEJ,1169858490
P2J37FNLG,194208370401434
P3BN515BP,311437507083
P3RALDKT1,22350357140
P3T2T39HF,1194466171863660
P4FV9YEL1,37354146834
P4GUGLKTB,3980333810791
P4NGERDXF,1271547559634817
P4R4EHPK7,10851032156
P551DMBA3,519973952320165
P69FXJWA0,14978036975816
P6GP69T18,24203428084
P71N9294U,921476140
P79WMTH0J,299085081
P7VJ9BTU0,5062553715
P8W50773L,2185488381886364
P9CV4RB36,5146269384
PA9896VH8,16779442
PATJY5FLH,84476686058152
PB3TBGV6N,559218879921
PB5NM9HRA,31265045084936
PB91CW6W4,19768235204688
PBRDPWEY1,42883362853798112
PBX7VH15U,652002044322144
PD80VCP5N,155490422856597
PDMPF3VVV,10990518507551024
PDTRRYUGM,87840216209743
PE34YVY4K,2638484861108
PE5UX1DFY,1739099622937
PEKGX9FL5,8126388661
PF9Y722AR,1654315638985
PFD9KHMCE,79798943027692
PFHY0W80A,3897955662130
PFKGCTRJM,21144705739
PG2NURUKJ,7391507695
PG8N0YL3F,235206754764504
PG93BPEY6,2496787065
PGF5BN84T,5392906634
PH0YEPJD8,1549524532337901
PHEKJB75C,445841339932767
PHLRY3XRP,45377734773458
PHMJLJY5E,63736223108721
PHRWGMUD3,675352603455
PJ3NB5XFM,31885732981386
PJFUEFV94,5772484931
PJHWTTWY3,1374939190
PJN52E7JX,1674667900791
PJTTTD2GL,4419268198
PLBBEX019,8331535028748307
PMDDGR6AH,163220489560
PMDUBHJ9U,47410655
PMKB2XTJD,2383828043609264
PMM9J5DHL,6731136513345
PMME7169X,1065077003052670
PMPP8MFY6,1744933091244
PMT7AK76T,529526365
PN4VA24XF,321928300138467
PNKCBFP4B,168632985968
PP31X3AWK,50499203248327
PPAHU1TNY,7486107061435436
PR2BGEK5K,205507858407539
PRY4573W6,425422374846302
PT1LVG3UG,16392254190555
PU92U3FN4,4057816143675
PUJ0ERCMW,516328703260964
PULJ8VCHJ,1825482344318311
PUNBJGRBF,456271416321
PUT03V98E,620144599880
PV0H53DEC,84769430461
PVEBYCGYV,100410404139572
PVGD7T69D,2566319869
PVRH71TL3,400016519643
PVT63XUX4,9669127483
PVWWDPBVG,28886933704712
PWK02KG0F,24565109701488
PXDL7Y3VM,135351255798
PXPPLWXF0,196327223676996
PY0XLC3J1,845960455495
PY48ADVDJ,604220602
PY4Y88935,9968595878060
PYF0HFE34,1809382986
PYFGXM8FT,23635463830122
PYFV3GWNV,61861576103802
PYFYMJGT2,22182953204366
PYUNRKPRM,1331214770
R083H7WRN,846878224366752
R0GT72WB8,67593833607
R181MKNX1,19508492385475488
R1N2RU3VT,6206696165441
R1RM3X0WV,9123380383700076
R2AU5KW91,1995455260060
R2PFWX8WK,140622394360131
R3UE4PGCE,19778929679144
R4VYM1CGH,29005876369444
R5N8GFAVX,12197085459568
R6XT8CU24,16889328809506
R757D4GE6,0
R7D4DLE21,455829746956756
R7U6GPD97,1056265617
R7VEXFUBP,1482650854892217
R801YPW1C,1786316490124
R823XDC14,217958414772
R8C4YP82A,1649726307428
R8MA3LCB3,10394160177187
R8XF6Y813,3335370672
R9NGK6L48,178563013339200
R9T0YKDW8,10974359503300896
R9TC4WP0R,2175456598197639
R9YYELU6C,1178175946672
RA1676TKK,99037862075066
RAP9FVR3B,1984042131780998
RAXHF9WVD,9506502231
RB1MJJ3RA,27780177970253
RB4C0VRPU,66795460876
RBDLWNFFM,223085728992233
RBH0YM8P2,748139349326271
RBJH458MV,17410767274
RDYH8B854,17980175159
RE152RBRK,35626178384955
RE4M8FCJ8,11777898910
RE994PJ2B,21843762030
RF5215M2U,10768367863731184
RF707XKMX,1597996399030
RFY8A88VC,118774926737
RFYKY8DCD,32225840997014880
RGR1NVGWH,20541171059400
RGUTEMEH7,161272560310
RHU8M5VUL,9822653526256326
RHXW7UU4L,563280608
RJKEXJ7VW,170533661
RKAHT9KB1,20495620116
RKFX4KHVV,255156926
RKT7BC4F6,352819012235579
RLCCC50JA,16656335449805
RLKT95F6A,23391290965
RM7N1JDB5,415608906297061
RM8AJWC7L,4821579224494
RMBU2R67C,3902999699
RMT97FJ61,22745955299068
RMUU3AH3X,52997001500612
RN24L196L,129187432444896
RN5BT2ECF,96963133907705
RNJ306W6N,2371296513408824
RP0CU9UT9,26278149866844
RP2067VL7,809476407078
RPM0RVWMP,38825415617972
RT4MGNU8G,3953315422
RTNWHX235,4446425466
RTRE9NG1E,729169138727
RTULW2HH6,3535781933489
RU340PRAY,1190319523683
RUACTVCF5,512314122555
RUH3R6P0B,664218746264
RV05BCKYK,261480523778
RVNAHGBJF,16806972908221
RVWJPM3BU,2153171226
RW90G4W5W,53800186386931
RWARTHA1M,33557132217821340
RWDWD9PP6,122679028956302
RWG56GK19,1529381945201648
RXG20PYXD,280711293020
RXX0XLA5D,29789560077
RXXUPMWB9,5373763156882477
RY00836BW,12125201533810
RY2GB8R99,6570113495981
RY7B87YA4,4639670933
T03T2W3UX,5314055767
T045NDKW0,3317073840600488
T0XP8PFYU,268844338680700
T2C1FAEEL,8734712170
T2DP9PYJC,30722226058
T2G89JA59,2890333193827
T2XRMGEAE,807497699984564
T3XUTYGC3,54843480392277
T40RLPJ4A,1063438574892595
T48KV9EP2,1234101594094411
T4ND02HBX,3853273399
T4P115XHD,44005122273195
T4WY63DB9,1228515119212682
T51NH4VDX,30319023626
T56X6LP0L,642030269789798
T5DV6HEKF,1423789647
T60EGV8J7,259091088594
T6DNTA8X1,6536421124
T6J7G9KTK,11729805041
T7J89541B,12874731171604
T86X24942,6386760114017
T8PB5A8JM,13735879175314
T8VBF8R47,8388575101268
T8X0G07YB,2795973332043755
T9LWWNWY2,1108914778
TB7GJ57D7,120106253503958
TBFU5R6H1,198114570781
TBHVUNGK6,1824555840784021
TBKWAPY0R,236448313969
TBL5BPL2T,106411083958538
TBU0KNJ64,620360585552
TBX7N9RK5,2459114598542508
TCGHNV5LY,12279973430
TCTEAMP9C,45885686696801
TD87P23DJ,1020814105587609
TDHKGHFPA,1420047077955084
TDVPXGUDG,1919422736
TDVTNN329,104199192271449
TE24TWB7H,3418890262427
TF526VPFB,8177270729
TFGKYEY98,1216214791707415
TG1JT6UX3,5508717113
TGLXAU8V6,460078263
TJ1NHTU3V,2956751785783
TJA5LCK8K,0
TJCDFNMCX,15735829396
TJCP233K8,12672756533
TJPWPCM36,346270217457454
TJY30XBPW,4199579672954
TK9E1BB1P,2327593990274340
TKVR3KU7L,1837969607782274
TLXWUR6HB,8671560975083
TM19BMU7C,1746349599766044
TM6TEWJJ8,5932131249
TM8FCPDHL,861564321479522
TMYMB72UG,12709547352
TN2M8YT07,15965633582944
TND9MV3EX,4690874031050
TNTEEJ9GL,1757980497244
TNV8PH85H,126077259268
TPDYKTC2A,18670914952
TR057C1UW,243539628030183
TR7ME55NB,35862180446
TRFPX8EX0,56473615372500
TRJXTU4K5,3461644866112
TTDBXERCU,667057001339208
TTEDCBRPG,159362095980
TTW02P5K1,128951479049311
TU2URJBVE,2096240984
TUL5PCUUX,128626769
TW2M129HM,21652259574
TX85TKW7A,416672419657
TX92H9GBV,123480757948902
TXD43PRXH,4723308710
TXNCTRR1U,2097840139375006
TY6GK7VHH,895541892598451
TYCB525EH,1064244386027
TYTTJFB0U,11448324623569
U05XB59WH,25235467335113
U0JJLF0DC,7207517904
U1M6T5C7L,1712875244
U1X8XUL9G,266701753382125
U24NA1YL7,13605615581
U25M5KVHA,321398226826361
U3VEPLPV4,5311260227171
U3VW1GF2F,13626415618265
U44F8RUU7,3699187884
U4TNE7AC7,34091767386
U55TMKFLF,2334769506
U57VPUTEE,257176368934476
U5LWLDEJH,23591567882
U5RFGBBTG,2211578853538
U6ADTX60C,148274629395
U6D5XTT5H,1230544030794
U740C25T1,15280031117697
U7K5CR9UN,8910904967960
U82BH95YE,5030932380271
U8GLCJVJP,801706431656568
U8LHYPLV9,851643377
U8NP750RB,51105448
U98UKD6RY,1027549410593357
U9RE3GBWK,45106460645861
UAA2LCEHU,318133413182
UAD14JPWL,27626619669385
UB7145PDD,27161873932
UC6PKTX20,4200583823103
UCF93JAPM,1339601965993623
UCU6V03V4,189480929768792
UCWKRB3WR,2495396913152784
UDLEC36LH,38600780604
UE7XN07MP,956729445
UEJMMVF33,732283332312450
UELCE9T8P,285712427288
UFAC8AXJG,9420152481
UFW34UBYF,9723859343
UGPD1HHDU,917189240
UGPRCTA9F,1444130462
UGRXU1VL6,111841141545011
UGY37TYH1,4593245248
UH94B4MTL,116904226426393
UH9MFGU8M,25416900296425
UHF5Y8PEF,2423219023943421
UHJTHDTR4,6148239882
UHWA4YLWP,12817480281941
UJ1ERTNK0,6314753838
UJJ4KVDMV,1744031041365
UJKBB2FCD,29523370705
UJP9T029T,203374145
UK30B7DG2,35040449345339
UKE4LP7GT,1710047371
UKHF303L1,17477054913996
UKP0UT5DF,279939213
UKRWDX25J,161682882565869
ULGVU4B0G,43519573527685
ULUELCJ7T,91252325547824
UM3TPP0W6,1175568247
UM76AWB16,783954815
UMG1B9C7V,389540689029859
UMNEWH0FP,14797372254
UN4AHCLTX,576111813309676
UNY76JJDE,186217148251622
UPJMD7E65,17984054754161
UPNXW2A69,1644880256088
UR2DL019E,2188428445
UT96RFNVF,1740078370
UTN8134GA,7967619450206
UU185BVW0,8007046943
UUNE2U083,16045001439
UV2CLCL12,165900034
UV8K777HN,21273932698
UVGBLXAJE,1919205674213
UVGHL7LG6,1066946808
UVK38MFR2,455637669259294
UVM6NP6V7,792921689062401
UVN7G4X3A,2267496964759738
UW71GYGHE,14005560726335
UW7XNGLNW,96515881120923
UWUG7XK9L,651859161
UX96YX4T1,1078609324317503
UXCYGR272,7155331480
UXWL7V4CE,78079673813692
UYCT3Y4JK,3788312784053322
UYFUH7H95,13772902759919
UYYAUXK80,10594263336
V1AECM24M,8376159485956
V1C2TB6KA,26557126434869
V1G3KNET8,68760032450239
V1NWJLRYR,2333172830
V26546K3D,13389141189145526
V29NBHRHL,4394999261
V2WJURNMG,1202801860337
V33FGRFC4,2806618872108578
V3FAH8CM4,115966660203599
V4A5MP41E,23531868160508192
V4GR2N4X8,9734964868920
V5PGMM8NA,1135361165
V5WNV1A43,169815013468383
V65FYWMHJ,12111560793699
V6AVRMJTD,154612409465
V6DV6KETG,14105766458442958
V6VCA0C4N,4247645302191924
V7768X8AC,5087218146011112
V78LAX1HN,2100754986238862
V830CTTX3,435628520600639
V8PE7XEWX,54734156166
V8XX999F6,2163086924507329
V9069U4Y3,49453148704488
V9AKNJ1E5,4657291868
V9FGJWYKJ,11368624146
V9RJPPP2B,3590068444989
VA31G0T8X,483895624
VA6X5YNNF,177610494140539
VAELB5B15,18606335182655
VAM2DGNGV,3046254463
VAR94KPUT,33536609313067
VB1TKAHFA,2498532860855
VB9VUYC97,7822694434219
VD7N7A4WH,1419634600136942
VE9CH1HMG,18222264582343
VEA3655P6,4518075074
VF517JBVB,619812486616078
VF7HHK72K,4043435007
VFEAYTXK6,2728188292
VFGE08PGC,699634082327
VFHCANCV2,17585384977
VG03MUF91,37567007098261
VGG1HM53K,3591034553305
VGGKYWV9C,771283206070
VHPNY1426,6355436617
VJ84BDCHH,356974745949
VK4MUJ16V,5135416701
VK5AU7U2U,1880953651061
VKKK21WTM,643321506
VKNVG1K0B,1410731264
VKW1GNAPL,34777215648
VL9XHRPWC,23869817574987
VLJ5FU9T6,138966468525904
VLPNE6K2U,4101036320
VLY036Y5B,1931399935887
VLY5JDKCV,827040290021558
VLYHUUUNY,6575998235
VMH75DVLR,16067
VMXB66NCB,13070047540
VN1LXEHLR,1004252074742336
VNEJ2RNW0,115380948499727
VNEY6C9BE,2383885840709915
VNGFF4PY9,50800900118899
VNV6UL9PR,263364069443545
VP0K6KF0K,5138584746855502
VPYHCBY6H,7089513416631
VR8J8A3CG,36664301304
VU0UYYA8K,416739897824142
VUY2B6P0F,235760932
VVMVJE2R7,3009209374966
VW65MCVF8,48511366040351376
VWE2WNWWM,1863322821
VWL2JD4RU,27207755843
VWP341FAG,3348075095
VWVJ9BHYK,14763247259132
VXDPPJJL1,1068693220371537
VXF8P7NDC,1465021502674173
VXYCWMVFW,16954914637
VY26V3P0K,110748052237453
W09WBG3HY,128869826453049
W0JAK2W58,1057536838
W0L71MBKT,43966582620835
W15MVW2EJ,2265752219326
W17PJGEG9,1019451389398
W189BP629,93581313616170
W1DKTPT4H,21001558963300
W1KH5B28F,11129186168
W21ELWLY6,1055146477317
W26TRPM1R,22780655501250448
W2CFBGNME,4985638143668
W2HEPMM2A,742400667494412
W2RUWYA8R,49005156962129
W3F0URUJC,1049464273294840
W3UUXHMDV,167221039195429
W3YKKRWHG,15454605342730990
W4K22FKMR,7448802759
W6BT56KJE,63521061626
W6DPTF42B,8721185457
W6JWRJGJH,2003732824772620
W71PEB8XY,434128343695153
W7B8L502J,12929017530426
W7XCU6AYH,1193017924
W7XFJNU7F,67274071854
W7YFDVP8A,543228841766438
W8CJ1GB8K,14301746059
W8J0NAKHG,531290971
W8P5VL7D0,13843299088822
W8URH0E57,36907659819963
W9E6JNBNC,513199611609
W9G7A5E34,130308080242958
W9V6VTXAN,20505699726398
WA2HTGH3E,359453240979
WAPV1GMH2,77673917567084
WAT20PN3Y,4430160506512364
WBCN61N99,2175552365613
WBEK5AKNW,214609582868515
WBN7UHG0Y,6914563542286
WBW66DMUB,1230063532475974
WBXF9XXW7,205757735393890
WCL6R1ANU,464603806553908
WCUAMVY9X,160836677143017
WD8452D3T,9091014420
WDK6AXBEW,2142961366
WE4AB37FP,1688346976148138
WE6X1TNJ5,14830257864927
WE9N74D6D,1427859630
WELEE7CGW,25255554608
WEXP8MADJ,1109541093
WFPA7YJE1,3451555279389715
WG393HCB5,57045463492777
WG683AWU6,18259233766
WHWT61ELR,7269185486353789
WJ6N1B25N,226385424
WJ7GF9WVV,12364137734139
WJF6J5XPW,429370859
WJFRWVXDE,98445510604
WJGWLM56V,260477904183984
WJX26AA0N,1219100622293
WJY2HK6A5,126891019103169
WK5U3DNHF,21098186167
WKG02VMU6,80083492906917
WLAXT7CTW,19576139952
WLBYGHXPD,225438186139124
WLFW6UCX5,1109678993873649
WLLWJ8ADP,414273629665712
WLTWDT50K,51013391728184
WM6VLG32E,4434177753178
WMEJXNAAY,8270942140
WN3625XFV,434339292293638
WN3LHKX0L,1305159018530266
WN5B7VKPU,34612428238622940
WNA5GTJPP,99196568564792
WNMCNJ62M,109264971383637
WPCVVD72F,17496225078
WPG6BCG83,340039509479767
WRFLMWL4U,291645430739535
WRX7XNV5M,6422936707
WT275TUAT,474982114492667
WTJV514G9,12700933934707916
WTVG86R4P,5839883456938
WUK7VF22K,96663931420838
WVCV14LYU,7819298129
WVNCLDKHC,11885732476186
WWWUTP96L,560358175726228
WX1DYC9Y1,6328257275093605
WXKKXU0H0,260373866700
WYUH9J3BC,8702392163
X0TFG829Y,510985557231096
X0WB1EP9G,2635605716
X19MP0NTT,597137141614777
X1TKJ1LN3,2879293416791
X1X2GPPA1,190142592659275
X258J9JDF,124459199721
X2JG5XE0G,4008255658
X2U3T52MF,2024045390
X2X4MPKMF,836238917
X2YN7JW88,4558471686
X33HHA9F8,2766234204839734
X34LWGL6R,8643263608609990
X45T3U322,89222923569314
X4G2LXJB4,37063481360468
X54KJ9NG9,1819798572
X56UR01P9,49041861968
X5A23RYD0,5340306108
X642BX99H,3398503042
X77KULPCG,1628423452
X784G0GKM,33291488112040
X7C21B7H7,31439223624934540
X7UEBBF7R,322865837679
X7XHWE03H,12189345457705
X87KNX4N3,1875123674535719
X8CVE2HNF,130002779637795
X8YD59KBX,11646887031805
X976NB85T,1057447121
XA0XD41CM,6797018943083
XCRHL4A94,4551614693033
XCVPUP28L,13046987545
XDW8Y5EX4,367149407236706
XE8513HNP,3675763842070385
XEENRBXCG,640315093146708
XG1BTAK77,141493445507
XG71P3JTX,110907420815775
XG98YNWAD,10201716837631
XGYH0T37R,1794101692
XHAKP4JBX,39694753200646
XHJLF3R8H,1767286437148652
XHXW80FX5,170715659359912
XJHATLDVB,106643491013990
XJK5GD94X,64199918226460
XK83VXEED,857514002641953
XL0KW660Y,575955352
XL1M7KUPL,1340668738802
XL91F26YU,3826670506
XLBU65J86,1708338509811813
XLR23XPGK,1117305029
XLX3R7HBT,11247028354590
XMDD3TMWH,127175354486220
XN2VEA6DN,128377739783121
XN8746T7U,13747862216
XNP3CHWM1,6527079351
XPRA8TRVE,1850738984575621
XPX36F6JX,9050077323910
XR2599P98,1871585515770
XR2P2LDY3,378292775074146
XRAHGBY4T,5160104034105
XRYH8W9C0,565124262676
XTH22LGKN,26678507483
XTJU04C0X,9325485231
XTMGPY62U,1124300743026368
XU8YA6PRH,389446399
XUBGXWVET,3902197516352
XURY539UN,20772654289
XVTV7MVCX,1689365254690490
XVVVBFF4D,45588924981
XW0EYF1XA,7032740391925
XW29YGPFB,3439597569851
XWBKV6NXJ,384975471401613
XWNXDWJ5R,11337542836
XXMU9WLKB,1481610606250649
XXVVJY6FE,8655874376471
XY11YD61J,73469945499109
XYJTVGG52,1012206094566
Y0YV7Y3KT,4466476196
Y1TFAEJ7M,637561906989438
Y1X4EG18A,7979118585
Y2HV0YEF7,15567474602441368
Y2P9LABR2,1332859648115687
Y2R7E79U3,11931880208416664
Y30CDC8NY,2248897714
Y337R7BW9,795227886748009
Y35U9K1BV,28855794781584
Y3805A0YC,59702154847934
Y3A3M2Y4N,7022190137871
Y3ALWMXMP,13297808209
Y45EDXLP8,14039817790
Y4BKHX868,62354537147383
Y4G0KF6NB,69912794499290
Y5J5Y90CD,863141675660406
Y5T1PGHJM,28019314956
Y63R69N41,445504406
Y6C1WLJ6F,8272990687
Y6JNPC60C,6688606590941364
Y6KN85L5P,1029842162868613
Y7B10LDE8,6528684604
Y7JBBVBX2,5516564337
Y7KJ3PM8P,665094063148465
Y7M12068T,13262732598
Y7WU9XUY5,421788585962
Y7X2MNH1U,817095859262382
Y8FGTTXCY,3233623172
Y8GC9UAGM,1464089946803
Y8HJ0NUEN,1150663387181
YA8XX70V6,3290082154954
YABXAFRG0,6103440834
YAD5H3U2G,2079323722
YAD615PCK,1304889354105869
YAD92UYGC,5533267615218
YADX9DY49,1697874644012594
YATYRMYX2,7740728353952
YAVY1XCNP,994896989215
YAY2UK2CT,206780992528239
YB3VJBCCH,1802216940235
YB5J3MT90,741156866406
YBEGLUD1U,309289344
YBEYAFNFP,18481513473
YBGGFK8G3,7766460257166
YBP8W8649,6602110981
YC0YWPYUL,80252415006267
YC3DCPM7M,798018285219167
YCJK528P9,257370187912
YCNE1W7PD,433285292282738
YCTM6RYDP,32902818553665684
YCY3A9106,519511745019597
YD2XWWFA4,4025485684532624
YDLF300BV,15744013979
YDYH4VRRP,6384583795493597
YE7CX8RNP,41377685959586232
YF6EGUY7C,2347061598520
YFADYJVW4,17540510705665532
YFVX33LRP,190562777908
YG5UPT6T2,3802097766
YGG4CRYRB,4921842634
YH0KU24PK,1500229147
YHFDHPXK9,5534316264314
YHFDP2WRA,62428416822209
YHMTW891A,302909419
YHWN0NJ03,716964989416992
YJ46VVXPA,130578374552
YJNWBA8F6,990607745852
YK0X6N2HN,1473371273945607
YKKPVFTWB,355598591
YL2ELYC4U,169983512313165
YL9PDN1EC,8063652303223
YLFDF7K69,6018543002
YLJ2PP4X4,1535743844976567
YM0B49N1J,1320435126952
YM0T1129Y,19897408749808
YM72HRVCF,182276049892472
YMKU30246,11456421806
YN8B5JGWA,54319351814068
YNR28303K,3403416740155879
YPEP9P265,90222358222179
YPPDCK9Y7,10550843505
YR5GV9UAY,1846237678
YR9G4KUPH,23664383607
YRKPTXY0Y,43981851806
YRPE642UK,263563922778602
YRVTFA8HF,55959431529
YRXAAWCJJ,4168917029
YRXF4JGD8,219061819
YT0LCFY25,19182318146746
YT67BAL27,2528954182
YTP7JNJKW,37702747135567
YU9KPEP7X,378397697
YUBB47UXH,134342310099379
YUG7566C7,10768089750486
YUJWPU7Y8,27549928910172
YUVK7R51W,477653114184037
YVFP54NA2,21164545568948
YVV9CMBLW,1768119528759533
YWF231190,21352782553611
YWY6C7K6H,13166451012645
YXKR0GGM4,653095158284772
总计,2861371190935852544
