公会名,未出刀人数,Unnamed: 2,rank,point
蓮すきすきクラブ,27.0,,1,1.8707815895896362e+17
Mix鮭の空!!,22.0,,2,1.7020288248197715e+17
蓮ノ空愛好会,16.0,,3,1.6625910173894624e+17
スリスリーズ,22.0,,4,1.549407426899046e+17
乙宗動物園,18.0,,5,1.4436293010134122e+17
スクステ同好会,14.0,,6,1.4224633534186048e+17
村村会,17.0,,7,1.4191637385980886e+17
蓮ノ大三十角,19.0,,8,1.3911173989004205e+17
星見プロ,16.0,,9,1.3659767875534886e+17
ルドベキア,16.0,,10,1.3438703913687314e+17
花帆ちゃん親衛隊,15.0,,11,1.2390742550931077e+17
きんぴられんこん,12.0,,12,1.2232120654802728e+17
乙宗梢大好き部,18.0,,13,1.1699085547144384e+17
LA.LA.LA,8.0,,14,1.1546825159500144e+17
金沢おでん同好会,13.0,,15,1.1291947702991128e+17
サークル名募集中,18.0,,16,1.0979669633230906e+17
リンクラ料理部,25.0,,17,1.0926686476527835e+17
泥,20.0,,18,1.0694293779158894e+17
かほすこ同好会,15.0,,19,9.651929024249771e+16
さすさやクラブ,20.0,,20,9.614224923420886e+16
WMW,19.0,,21,9.009228760949109e+16
おんゆあさーくる,25.0,,22,8.259900997580546e+16
めぐ党藤島派,17.0,,23,8.093758665894283e+16
わたくしは大丈部,15.0,,24,8.072979924839651e+16
徒町チャレンジ！,20.0,,25,7.966200906628677e+16
乙宗梢なりきり部,14.0,,26,7.950271174430411e+16
まったり,40.0,,27,7.589811980868326e+16
ぷちぐる同好会,14.0,,28,7.511215116151131e+16
蓮ノ空推し活部,21.0,,29,7.416844298167632e+16
蓮ノ空出張部,18.0,,30,7.318064146210326e+16
蓮之愛同予者何人,21.0,,31,7.108975748000785e+16
シュリーレン,15.0,,32,6.958973909524316e+16
蓮ノ空魔術部,17.0,,33,6.729667659948097e+16
みらくらは人生！,20.0,,34,6.595101804151791e+16
くる♡すきクラブ,17.0,,35,6.304849541134155e+16
花帆推し倶楽部,13.0,,36,6.145319338140928e+16
YUKIZURI,20.0,,37,5.9314402206953176e+16
百合ノ空観察部,19.0,,38,5.8930910107943736e+16
ラー麺二郎金沢店,19.0,,39,5.810126042846613e+16
FPS好きクラブ,20.0,,40,5.7813229761824744e+16
蓮ノ空FC,15.0,,41,5.554821952710914e+16
ルリと愉快な一家,17.0,,42,5.540820250616993e+16
蓮ノ空を応援し隊,18.0,,43,5.531493946829115e+16
さやかほ癒し会,16.0,,44,5.288656717832694e+16
こずミックラブ♡,19.0,,45,5.239538399471693e+16
花咲かせ隊,23.0,,46,5.237999578730462e+16
乙宗気合筋肉,18.0,,47,5.1698701667712936e+16
梢好き好きクラブ,19.0,,48,5.109700239577757e+16
月火水木金土日,28.0,,49,4.998839552083528e+16
流し素麺同好会,18.0,,50,4.9497769353686e+16
LLD,21.0,,51,4.940070030666768e+16
梢すきすきクラブ,13.0,,52,4.800274243560747e+16
LLP,20.0,,53,4.764500092775026e+16
めぐ島,17.0,,54,4.72013743899083e+16
毎日がエブリデイ,20.0,,55,4.646240748191792e+16
毎日がホリデイ♪,19.0,,56,4.565567347030401e+16
なのだけれど,18.0,,57,4.558141820821483e+16
泥村,19.0,,58,4.5397643731918904e+16
蓮女お嬢様クラブ,17.0,,59,4.399931982354133e+16
蓮ノ空のお弁当屋,16.0,,60,4.3467186876126424e+16
乙宗紅茶館,20.0,,61,4.255064299034396e+16
「」ノ空だけれど,13.0,,62,4.217798500875452e+16
乙宗梢様､､､,15.0,,63,4.188423525620065e+16
ポチっと！蓮ノ空,19.0,,64,4.181531335654667e+16
ルリと花咲く毎日,22.0,,65,4.146228916315343e+16
無言でエンジョイ,20.0,,66,4.138661174059084e+16
カワウソ同好会,17.0,,67,4.08283680547024e+16
蓮ノ沼に沈んだ泥,20.0,,68,4.071083181410365e+16
r/LL,17.0,,69,4.0571870934238344e+16
蓮ノ空すこやか部,20.0,,70,3.9969530153351544e+16
ルリと喜ド！愛楽,15.0,,71,3.994056446988133e+16
蓮ノ空おじさん,14.0,,72,3.944507370991768e+16
スクステ同好会②,18.0,,73,3.8368632389468664e+16
かちまち応援隊,16.0,,74,3.817880134979748e+16
スクスタ亡霊部,16.0,,75,3.767178314672156e+16
幼馴染同好会,20.0,,76,3.658488161312181e+16
蓮天・乙宗一心流,16.0,,77,3.6438411838102856e+16
ぱちぱち徒町,15.0,,78,3.628776629056953e+16
藤島め組,17.0,,79,3.606771031492789e+16
無言 ノルマなし,19.0,,80,3.599357672368765e+16
お嬢様筋トレ部,25.0,,81,3.526703254982998e+16
Aqours,34.0,,82,3.4958172057429188e+16
梢先輩おめでとう,19.0,,83,3.4804171604516628e+16
はすっこくらぶ,20.0,,84,3.4568971053078372e+16
無言でおけ,20.0,,85,3.4280720310371476e+16
蓮女マネージャー,19.0,,86,3.4118751303241624e+16
打ち返した流れ星,16.0,,87,3.3907839276200496e+16
アポロベイ海賊団,9.0,,88,3.3027758972434716e+16
良いチケで観よう,15.0,,89,3.273862500965548e+16
花咲く泥も好き²,20.0,,90,3.269393758135311e+16
蓮ノ空マタギ部,16.0,,91,3.2657279531695576e+16
相談室目指し隊,18.0,,92,3.2089153157267504e+16
楽園計画,15.0,,93,3.20596089870624e+16
はすっこ準備室,15.0,,94,3.1625065895541828e+16
異次元シャニP,16.0,,95,3.146251214449329e+16
"oNM,",10.0,,96,3.141866633544396e+16
MUGEN∞,15.0,,97,3.1170137638825296e+16
後方腕組みオタク,17.0,,98,3.0537883593763864e+16
僕らのリンクラ！,20.0,,99,3.040372247268552e+16
サークル2,15.0,,100,3.0266834544295364e+16
泥民館,20.0,,101,2.9946532027785836e+16
LGP,19.0,,102,2.9829185424319316e+16
蓮ノ空のんびり部,19.0,,103,2.908518968378591e+16
ふらわーすきすき,17.0,,104,2.886911796487127e+16
ルリめぐ,13.0,,105,2.675493635934511e+16
【無言】ハスノソ,13.0,,106,2.613823330695964e+16
ド！ド！泥！,15.0,,107,2.610315593277071e+16
ぽけもん好き,14.0,,108,2.594122935513096e+16
ぽかぽかモガの村,14.0,,109,2.5359397434399776e+16
箱推しなのだけど,15.0,,110,2.440764277458063e+16
綴理メイト,15.0,,111,2.3644430769765976e+16
花咲くラブライ部,21.0,,112,2.3486773127528012e+16
アニマル分室,17.0,,113,2.343789236268953e+16
めぐすきクラブ,15.0,,114,2.32112451734584e+16
騎空団蓮ノ空支部,21.0,,115,2.3023108029440056e+16
ねるねる同好会,15.0,,116,2.2995406737403716e+16
いつでも咲けるよ,22.0,,117,2.2711147299922136e+16
藤島幼稚園蓮組,19.0,,118,2.2154795019025744e+16
思想の溜まり場,10.0,,119,2.212670184238835e+16
ラナンキュラス,16.0,,120,2.2004009086328156e+16
はすのひよこ,12.0,,121,2.1898946329912764e+16
猫＆旅大好き部,14.0,,122,2.1682243286559892e+16
レンクウ,24.0,,123,2.163071173150441e+16
百生銀行,18.0,,124,2.1618898687554004e+16
とろぺりです,4.0,,125,2.158373035108303e+16
さや綴理の村人,17.0,,126,2.146722063558265e+16
LLすこ部　メ募,16.0,,127,2.1232820593501624e+16
空き時間らくがき,14.0,,128,2.0842902658772124e+16
泥のみんなS,15.0,,129,2.079867673859268e+16
TKG同好会,13.0,,130,2.0791108213246564e+16
蓮ちゅきクラブ,16.0,,131,2.000177006648865e+16
泥の皆様,14.0,,132,1.9624046556246544e+16
蓮女お嬢様部,19.0,,133,1.9563578398432252e+16
まったりハスら～,16.0,,134,1.941001909065697e+16
さやかほ花卉園,11.0,,135,1.8894846454068716e+16
LLすこすこ部,17.0,,136,1.888411225430369e+16
せーので！,20.0,,137,1.8492634451378372e+16
蓮ノ空大好き!!,16.0,,138,1.8346617731103492e+16
待機室跡地観測所,22.0,,139,1.8250714209464004e+16
のんびり屋さん,14.0,,140,1.8102914710940344e+16
蓮ノ空文芸部,23.0,,141,1.800633854137241e+16
旅人,16.0,,142,1.7554941802196598e+16
天悶部,18.0,,143,1.7200756116488004e+16
蓮好き皆あつまれ,20.0,,144,1.7150659187102594e+16
蓮っ子みらくラブ,22.0,,145,1.7033572927229638e+16
さやさやさーくる,13.0,,146,1.6748683084888836e+16
ドル家の『D』,17.0,,147,1.6671231336084898e+16
蓮ノ空山岡家部,3.0,,148,1.645692557352786e+16
人見知りの集い,14.0,,149,1.6316193165560728e+16
蓮ちゃん初心者,8.0,,150,1.6229499989448828e+16
ド!ド!同好会,18.0,,151,1.608415554451974e+16
蓮ノ空飲酒クラブ,20.0,,152,1.6066814416449316e+16
蓮ノ空遊戯開発部,16.0,,153,1.5991481139930512e+16
ふくふく無言OK,15.0,,154,1.5742337702259424e+16
蓮ノ空ひとり旅部,14.0,,155,1.5451856290036848e+16
Quatuor,20.0,,156,1.5413989897470728e+16
乙宗梢親衛隊,18.0,,157,1.5401312929039998e+16
蓮之空大三腳,18.0,,158,1.5232841386843606e+16
ひめぎん文化会館,10.0,,159,1.5231462436126862e+16
蓮好き好きクラブ,26.0,,160,1.5220871860122204e+16
喫茶カワウ空✨,22.0,,161,1.5006738967998316e+16
蓮ノ空老人会,17.0,,162,1.4918394674822866e+16
蓮ノ空　茨城分校,17.0,,163,1.4822365183762768e+16
ラブライバーの森,5.0,,164,1.4773122468984576e+16
かほかほ,11.0,,165,1.4751605464059664e+16
まるまるサークル,23.0,,166,1.4740331673315276e+16
慈と愉快な仲間達,6.0,,167,1.4732679791518042e+16
無言な異次元部屋,16.0,,168,1.4692851134010296e+16
PPIHクラブ,15.0,,169,1.4499792569472544e+16
蓮っ子,18.0,,170,1.4265660692416148e+16
蓮っ子村,15.0,,171,1.4037989932269296e+16
こな党,17.0,,172,1.4030819774540612e+16
みらぱ進路相談列,15.0,,173,1.3956240022433252e+16
かほ子のイオン,16.0,,174,1.3876661589022644e+16
アフター観たいぞ,15.0,,175,1.3445761385714792e+16
なす料理研究会,19.0,,176,1.3403959347282228e+16
オーバーブースト,12.0,,177,1.3323791065298192e+16
梢花帆吟子同好会,13.0,,178,1.332094920299258e+16
♬さやか愛好会♬,14.0,,179,1.3118552724528944e+16
圧倒的にまったり,17.0,,180,1.2378827740345712e+16
蓮ノ空の泥人会,17.0,,181,1.2332133653086646e+16
蓮ノ空お茶会部,22.0,,182,1.2097330457733692e+16
蓮ノ空雪野球部,21.0,,183,1.1972856700552318e+16
元カノ概念強火派,13.0,,184,1.1933423071748012e+16
梢先輩のASMR,10.0,,185,1.1888474577128236e+16
花上梢頭,13.0,,186,1.1836339046845908e+16
同じ話し何回も…,11.0,,187,1.1815289189657544e+16
ご自由にどうぞ,40.0,,188,1.1776739494903182e+16
ライグラ待機室,11.0,,189,1.1773765470548624e+16
目が霞む人達,19.0,,190,1.1727714735991056e+16
どんぐり共和国,15.0,,191,1.1640974167947652e+16
蓮っ子CLUB,21.0,,192,1.1577042385327046e+16
沙知先輩大好き部,13.0,,193,1.1551459073569476e+16
あなたなら大丈部,16.0,,194,1.1503742478815176e+16
りんくらぶ,13.0,,195,1.1406690512977642e+16
おこめ茶寮,11.0,,196,1.1263710468765616e+16
新鮮館,14.0,,197,1.1179580126247614e+16
LOVEミラクラ,11.0,,198,1.1108100269937648e+16
小蓮花（重生版x,15.0,,199,1.1052729200963756e+16
フラワーガーデン,17.0,,200,1.0960001943018508e+16
見晴台,19.0,,201,1.085140816725006e+16
蓮hkg香港分部,14.0,,202,1.0738637710201738e+16
蓮ノ空園芸部,13.0,,203,1.0723985734812128e+16
かにかに！,14.0,,204,1.0591552640405508e+16
蓮隠れノ里,17.0,,205,1.055314043032593e+16
徒町は強く生きる,10.0,,206,1.0353970443634008e+16
ラ！推し,18.0,,207,1.0273166873881392e+16
ENcircle,6.0,,208,1.0173717226414708e+16
フラワー泥民館,19.0,,209,1.0038170212133988e+16
BBF 金沢支社,15.0,,210,9721052113374476.0
アルストロメリア,20.0,,211,9717127597690402.0
繚乱！蓮ノ空,10.0,,212,9649205124495178.0
なければ立てる！,15.0,,213,9587135228509516.0
LotuSky,31.0,,214,9463315545419896.0
無言で自由,20.0,,215,9387499590982124.0
無言OKクラブ,19.0,,216,9224320838516274.0
スリーマーメイド,16.0,,217,9092357948547622.0
ごはん派！！！,14.0,,218,8954237840211538.0
めぐ党,26.0,,219,8842644112119213.0
1限目に遅刻ラブ,11.0,,220,8724415887517546.0
つよつよなLH,12.0,,221,8692639792504104.0
さやちゃん倶楽部,20.0,,222,8669155795641858.0
卍蓮村幼稚園卍,14.0,,223,8638924071663626.0
かほさやてぇてぇ,10.0,,224,8534488502629986.0
ラ研連合,13.0,,225,8522041330031408.0
休暇建設協会,5.0,,226,8501555051852693.0
せーはす愛好会,13.0,,227,8396326070485719.0
蓮ノ空ボドゲ部,2.0,,228,8303329814952777.0
みんはや蓮ノ空部,11.0,,229,8236825397733786.0
ぱかぱか同好会,17.0,,230,8224190787546311.0
ささやか村の集い,19.0,,231,8211842493790778.0
アイスランド蓮,12.0,,232,8174298578122590.0
日曜日よりの使者,15.0,,233,8165642432695235.0
蓮ノ空見守り隊,19.0,,234,8121092415806622.0
BWO,10.0,,235,8112965242086816.0
瑠璃乃推し隊,12.0,,236,8095096944890094.0
木星の月華富輝宮,11.0,,237,8084458214913723.0
蓮好きの巣窟,12.0,,238,8066821012795325.0
ゆめみづほ,1.0,,239,7944722626933180.0
蓮ノ空うどん部,15.0,,240,7850601551599067.0
菅沼千紗が大好き,4.0,,241,7764982998939604.0
とりあえず参戦用,22.0,,242,7750941960681229.0
綴理と無言で昼寝,17.0,,243,7716921349561306.0
料亭「さち処」,10.0,,244,7699333145641785.0
瑞蓮ラボ,4.0,,245,7694146068496189.0
アフターウォール,16.0,,246,7617610843062374.0
闇のルビィ団,6.0,,247,7577412036326659.0
卍愛蓮説卍,21.0,,248,7558860322113480.0
ほうき星,20.0,,249,7557781294110625.0
蓮ノ空写真部,6.0,,250,7501024317040561.0
県立沢庵図書館,8.0,,251,7450865525419418.0
ヨーロッパ軒,4.0,,252,7405226540942286.0
ハロめぐ同盟,16.0,,253,7317356502375446.0
蓮ノ空を推す会,10.0,,254,7306248986491859.0
綴理のお世話係,12.0,,255,7276242580816207.0
ぼっちざ蓮!!,21.0,,256,7272292244720154.0
蓮ノ空は明日ノ空,13.0,,257,7207812992695582.0
山本組,8.0,,258,7204117869606883.0
スクステ初心者,9.0,,259,7172115050129505.0
故に瑠璃乃推し,11.0,,260,7168830132967538.0
はんぺん同好会,6.0,,261,7101392297770098.0
蓮の空見守り隊,15.0,,262,7092736451900846.0
蓮ノ空まったり部,30.0,,263,7074665844483846.0
蓮の空中國分校,12.0,,264,7056022036872332.0
となりにこな,1.0,,265,7048623363505896.0
聖ミリオン女学園,9.0,,266,7023790394442075.0
イベントのみ,12.0,,267,7021340168069490.0
ネギトロTKG,15.0,,268,7017662574097035.0
Nymphaea,9.0,,269,7017258688577441.0
さやの御御足,0.0,,270,6921043235667300.0
金沢の泥,3.0,,271,6903906473353870.0
いな民リンクラ部,19.0,,272,6881393572574426.0
こじらせ部,3.0,,273,6812927933444630.0
蓮好き,12.0,,274,6786038677857659.0
全日本謝罪同好会,11.0,,275,6754628871418345.0
ガンフィンガー村,5.0,,276,6718824683484004.0
蓮ノ空ロボット部,9.0,,277,6710244316223096.0
東京公演で沼落ち,19.0,,278,6662787860743635.0
どんぐり。,8.0,,279,6596998650854087.0
チーム初心者,13.0,,280,6596962442021299.0
蓮ノ流星群,16.0,,281,6579158481233828.0
頑張らないクラブ,18.0,,282,6575521484730528.0
初心者無言自由だ,20.0,,283,6542550902551948.0
♪さやか愛好会♪,12.0,,284,6531049622683429.0
お試し用サークル,17.0,,285,6502162251939880.0
めぐ党虹ヶ咲支部,15.0,,286,6431673522414242.0
サークル(仮),13.0,,287,6415593862106664.0
ノーチャン会,6.0,,288,6411429975870502.0
梢先輩応援団,15.0,,289,6392157017843090.0
めぐめぐバブり隊,9.0,,290,6386324009847623.0
きらくに,12.0,,291,6355332159315850.0
ソロプレイヤーズ,12.0,,292,6306077504943436.0
いちじょ海賊団,13.0,,293,6280731853541808.0
壁の民の伝説,13.0,,294,6232168064556280.0
UR報酬欲しい！,17.0,,295,6220052769126367.0
丘側,12.0,,296,6214901814786340.0
花の壁飾りクラブ,19.0,,297,6119214656867319.0
姫芽ちゃん親衛隊,15.0,,298,6111616999427135.0
無言でのんびり,12.0,,299,6037069566978159.0
巣〜極楽〜,1.0,,300,6032875160658039.0
蓮浦の星空,17.0,,301,5997867001185651.0
みらくらぽーく！,14.0,,302,5994690935293359.0
こずかほ。,14.0,,303,5992411900838582.0
ﾊｽﾉｿﾗｰ,16.0,,304,5953446992455140.0
UOは合法同好会,8.0,,305,5885841274154529.0
蓮を咲かせる泥達,14.0,,306,5873972642614529.0
綴理、愛,7.0,,307,5847496346696056.0
梢の機械さん,11.0,,308,5828210147827212.0
†極最強倶楽部†,14.0,,309,5803151077008154.0
安土桃山時代,4.0,,310,5769869273110828.0
ゆったりプレイ,12.0,,311,5760622245445338.0
蓮ノ空北國金沢校,17.0,,312,5726589539787960.0
e+本社ヲ爆破ス,13.0,,313,5722735810358663.0
みらくら自習室,11.0,,314,5699405589101691.0
REAL,14.0,,315,5696556700895776.0
ハルカカナタ,12.0,,316,5650425218009503.0
いろいろ実況,15.0,,317,5607344304125873.0
雪月花,18.0,,318,5473513250094973.0
ういのま,20.0,,319,5464819401101758.0
あばうといち,15.0,,320,5427527906384785.0
蓮結ぶ虹と星の音,16.0,,321,5402879176913890.0
蓮ノ空SIFC,13.0,,322,5372475442111979.0
無言の泥,5.0,,323,5369176893703471.0
蓮っ子の集い,7.0,,324,5311852072449064.0
LLP JR,13.0,,325,5304715462677996.0
スクステ同好会③,14.0,,326,5278616984709880.0
機械さん学部,12.0,,327,5258276565572230.0
無言参加○！,11.0,,328,5217366439804534.0
同好会の同好会,14.0,,329,5216460770189527.0
無言OK出入自由,7.0,,330,5209703698621350.0
イベント用、無言,10.0,,331,5159396596776132.0
無言ぱーく,12.0,,332,5131189632415289.0
蓮ノ空卓球部,0.0,,333,5112583294268518.0
氷青色,12.0,,334,5097694592684499.0
蓮ノ空好き好き会,19.0,,335,5091292273344045.0
AiRBLUE,5.0,,336,5066046965716805.0
ういちゅけクラブ,10.0,,337,4943536410761080.0
ららマジ難民の会,10.0,,338,4831193091169794.0
蓮ノ空応援クラブ,16.0,,339,4825638865302130.0
インドネシア仲間,15.0,,340,4817764567279645.0
こころのいろは,1.0,,341,4781909483781221.0
新規なのだけれど,13.0,,342,4736900059195492.0
SPHS-MMT,13.0,,343,4696498282319342.0
スリブ大好き♪,14.0,,344,4691265454972099.0
無言自由会,10.0,,345,4649453607518877.0
兎小屋ｼﾏﾘｽ部,1.0,,346,4648413786473370.0
ゆるっと蓮ノ空,9.0,,347,4634379859442481.0
わたし魚,4.0,,348,4632873727896831.0
蓮紺の会,6.0,,349,4611112619473321.0
蓮ノ空コーラス部,5.0,,350,4602759044828246.0
蓮ノ空好き好き,13.0,,351,4521473653738039.0
とりあえず,26.0,,352,4517481746086391.0
蓮ノ空倶楽部,15.0,,353,4503736673249055.0
無敵級ビリーバー,17.0,,354,4489682543663314.0
るりめぐ研究所,7.0,,355,4472996651896938.0
FES用,13.0,,356,4411140434079642.0
レンコンおいしい,11.0,,357,4390310788084341.0
零組,10.0,,358,4382766470459609.0
ポチッ！,8.0,,359,4323405560909838.0
せーはすの雑用係,6.0,,360,4269656426567602.0
安全バーは君の腕,14.0,,361,4231972844439408.0
らんるん部。,1.0,,362,4203729313494027.0
蓮っ子動物園,8.0,,363,4191771512860569.0
スワンプマン,5.0,,364,4159966448362303.0
つづさや好き過ぎ,13.0,,365,4157150813192786.0
のんちゅけ同好会,14.0,,366,4068331719067627.0
フンゲ開放戦線,1.0,,367,4036711186641259.0
Catlike,0.0,,368,4008190785677598.0
れんこん,11.0,,369,4005225662734546.0
蓮ノ空リボ課金部,8.0,,370,3988296893656284.0
梢ちゃん同好会,14.0,,371,3939040899031724.0
なっす父兄,11.0,,372,3918368111724969.0
なんもわからん,23.0,,373,3860270771838414.0
UR取り隊,16.0,,374,3857844828801126.0
素鴨のピクセル,2.0,,375,3848413027727606.0
黄昏の旅団,5.0,,376,3795537467676853.0
蓮ノ灯,14.0,,377,3774786606706439.0
エロマンガ同好会,15.0,,378,3774164600350322.0
HaCordVN,12.0,,379,3710869230709676.0
LG lotus,9.0,,380,3687650182800472.0
チーム本屋,3.0,,381,3680471333459046.0
異次元フェスP,13.0,,382,3676450638163693.0
さやこずノ休日,5.0,,383,3666669608514305.0
深夜の芋煮処,11.0,,384,3665598573933176.0
対抗戦用,12.0,,385,3650341790343210.0
蓮ノ空百合部,17.0,,386,3598813234417173.0
優しさや土までも,1.0,,387,3560166487696282.0
金箔ソフト,2.0,,388,3541242593562258.0
かよちんは宇宙,12.0,,389,3539932018318336.0
ハスラー,2.0,,390,3482397213474032.0
おやさいさん,10.0,,391,3474665287171056.0
泥の中の養分,16.0,,392,3467234291642504.0
『位置について』,8.0,,393,3424265103941946.0
TUAS,2.0,,394,3415442687650763.0
蓮之空小賣部,16.0,,395,3413572333041114.0
のんびり堂,12.0,,396,3382261456197221.0
蓮ノ空ラーメン部,13.0,,397,3365750189930808.0
中国の蓮之空圈子,10.0,,398,3359894626947007.0
個人用,4.0,,399,3329137315386931.0
新川地区ノ空,4.0,,400,3321867342178607.0
としとしサークル,18.0,,401,3321432505857723.0
スリブ好き好き,4.0,,402,3306462499827597.0
蓮根,0.0,,403,3306138994522725.0
参加賞狙い,11.0,,404,3283033763766819.0
アサルトガーデン,2.0,,405,3276035279845073.0
ポチっ！とクラブ,15.0,,406,3255931884690823.0
ユニット愛で隊,8.0,,407,3252258335512936.0
浄龍桐生会,1.0,,408,3251713300505872.0
LotusSky,15.0,,409,3220161231326339.0
インド蓮ノ空支部,0.0,,410,3211396995255271.0
蓮ノ空足湯同好会,15.0,,411,3197163987779370.0
孤独の村人,9.0,,412,3156126051954008.0
無言無課金ok,20.0,,413,3141711697034530.0
ハスノコ,2.0,,414,3121668309930244.0
サークルひとり,12.0,,415,3111306723390021.0
蓮の咲く池,5.0,,416,3078686421761317.0
蓮ノ空初心者部,14.0,,417,3029915153810834.0
箱推し社畜の部屋,6.0,,418,3021069183789314.0
のんびりプレイ,1.0,,419,3017710373103859.0
Rosa,2.0,,420,3014622146437859.0
いとまき団,1.0,,421,2995313271219426.0
福井大学ラ研,6.0,,422,2952227464962890.0
SIFcord,11.0,,423,2940119170174215.0
桜桃花束愛聴会,11.0,,424,2935090839890084.0
ハントンTKG,7.0,,425,2926808599004972.0
かほてぃあん,16.0,,426,2921848823193687.0
アフター見よう！,7.0,,427,2912798526869997.0
蓮ノ空休日クラブ,15.0,,428,2890983015636081.0
すりぃずぶぅ家,16.0,,429,2888354272143577.0
サークル無言,14.0,,430,2887915777288663.0
藤島メグミルク㈱,1.0,,431,2879501858159669.0
ソロ専の集い,16.0,,432,2867690881750635.0
Mulbungs,10.0,,433,2853065058709209.0
フォルテシモ,1.0,,434,2852256769095312.0
まったリンクラ,15.0,,435,2832083952435793.0
大ㄇㄚˊ露營區,14.0,,436,2822633962394777.0
光の海,15.0,,437,2795274435259775.0
京大百合文研,2.0,,438,2782364558232045.0
道立一限遅刻学院,3.0,,439,2773384027472842.0
Edelweiß,3.0,,440,2768918756503359.0
変なサークル,1.0,,441,2749616680374727.0
イベント用,19.0,,442,2742898003902412.0
蓮ノ空飲酒愛好会,2.0,,443,2732063951894486.0
くるくるくるー,2.0,,444,2701818097178228.0
いい顔でこんぶ,1.0,,445,2642334030218655.0
イベント用です,1.0,,446,2632856998163958.0
さやかほ緩々会,3.0,,447,2621438262671076.0
蓮ノ空新聞部,7.0,,448,2619691149871888.0
光を目指す者たち,3.0,,449,2617236499155469.0
コミュ障用誰でも,12.0,,450,2615041437145554.0
リシアンサス,10.0,,451,2594584242568025.0
Lotus329,4.0,,452,2584296696234854.0
ゆのくに天門,6.0,,453,2572987540087063.0
Wei,1.0,,454,2562377837509483.0
ボクがんばる。,3.0,,455,2561733083222872.0
蓮六園,14.0,,456,2560391301258273.0
ハントン✿ライス,14.0,,457,2533077467400015.0
ログイン勢,14.0,,458,2531797994926176.0
蓮箱推し（仮）,15.0,,459,2525824227650456.0
ねるねるねるね,4.0,,460,2517282485784501.0
蓮みっこ,1.0,,461,2483210159816215.0
無所属の会,0.0,,462,2479931525696103.0
蓮すきすき同好会,14.0,,463,2468164097012160.0
ぺんぎんあいす,1.0,,464,2465864666657666.0
蓮っコの集い,20.0,,465,2458686985352150.0
無言。ぼっち。,5.0,,466,2441292797133574.0
高根町,1.0,,467,2439243300963610.0
ご飯特盛肉蟹付き,4.0,,468,2436205824823048.0
蓮根無言会,17.0,,469,2434593263331737.0
ぼくらの太陽,0.0,,470,2414112675223860.0
のんびり,18.0,,471,2388469235765443.0
蓮のブーケ,2.0,,472,2380489447893063.0
初心者の集い,7.0,,473,2361506073817955.0
KA,9.0,,474,2327934761093975.0
蓮ノ空分室,4.0,,475,2324377315594462.0
青い監獄,5.0,,476,2321193114493982.0
蓮之空河豚养殖場,9.0,,477,2292631137168279.0
まったりプレイ,9.0,,478,2291584201334120.0
MRY,1.0,,479,2290048897211470.0
のんすけの滑り台,0.0,,480,2283461820545472.0
ドカ食い気絶部,5.0,,481,2270027193443934.0
KER,3.0,,482,2262011385320262.0
蓮ノ空社辞部,1.0,,483,2250690371001043.0
楽しいが一番,9.0,,484,2241299959337958.0
乙宗筋肉サークル,7.0,,485,2238169380467424.0
蓮ノ初心者,4.0,,486,2227165461661717.0
蓮ノ空 全力応援,5.0,,487,2227145970449125.0
蓮,2.0,,488,2217160309901717.0
卯月軍団,2.0,,489,2186289706070970.0
つーりすと@蓮部,3.0,,490,2161582139428258.0
リンクラゆる部,15.0,,491,2158465797953727.0
無言でいいよ。,9.0,,492,2149676274686905.0
毎日がホリデイ,3.0,,493,2117305402807672.0
しゃふどーぶ,2.0,,494,2107935691653429.0
次世代蓮の空部,0.0,,495,2100848472915225.0
リンクラ自習室,15.0,,496,2098433488453558.0
蓮好きPの集い,3.0,,497,2083115773752175.0
ライバーズハイ,2.0,,498,2081755533866463.0
異次元からキマシ,14.0,,499,2060230473757952.0
猫神教meow派,1.0,,500,2050630276201477.0
気分上ノ空男学院,2.0,,501,2042602458873960.0
あすて☆りずむ♪,2.0,,502,2042030911777761.0
チーム用務員,4.0,,503,2027804560314519.0
梢と綴る刻,3.0,,504,2025755938843284.0
ありがと！にひっ,12.0,,505,2019488808605263.0
nitkc,2.0,,506,2017604293737193.0
すずはら家非公式,5.0,,507,2013299963190685.0
あまやどり,2.0,,508,2010222576188549.0
香港の初心者♪,6.0,,509,1997617462914292.0
蓮ノ空痛車部,4.0,,510,1975176310747819.0
無言サークル,4.0,,511,1918015005547173.0
沼津倶楽部,3.0,,512,1912619861532445.0
聖心党,18.0,,513,1910517081450261.0
無言よわよわの会,11.0,,514,1909877787280131.0
無言ぼっち同好会,14.0,,515,1909435589408682.0
日野下後輩,7.0,,516,1892361253470533.0
1人用ダンボール,1.0,,517,1887732523642538.0
にこたまぱーく,2.0,,518,1868256503704299.0
蓮ノ空麻雀部,1.0,,519,1849898230457536.0
叶え！私達の◯◯,19.0,,520,1812305076898166.0
花帆が可愛いの会,3.0,,521,1802882861660874.0
因島釣り道,1.0,,522,1797158957835541.0
トマティー,1.0,,523,1795991360416916.0
限界夜行,6.0,,524,1795617394933586.0
A,1.0,,525,1795163015759950.0
ロータスランド,8.0,,526,1790553100890634.0
初心者寄り合い所,19.0,,527,1777453749381793.0
ぼくなんなの,3.0,,528,1758407103320605.0
国産牛のにげあし,6.0,,529,1752095014175362.0
東方星蓮船,19.0,,530,1751442798711626.0
蓮ノ空女学院,9.0,,531,1729131159477020.0
黎明の瑞蓮花,1.0,,532,1722242572551730.0
ソロの為の避難所,10.0,,533,1718050618955249.0
ダンボール,1.0,,534,1716925344098264.0
蓮初心者クラブ,10.0,,535,1694896164477489.0
ひとり,3.0,,536,1692727771469801.0
UR貰えればいい,19.0,,537,1689131985718244.0
綴理先輩好き好き,9.0,,538,1685762652997163.0
無言推奨不干渉会,15.0,,539,1685349638475906.0
つづ党募集中！,2.0,,540,1682055400149042.0
萌え萌え倶楽部,8.0,,541,1680421277106845.0
手遅れの最先端,3.0,,542,1679628953645516.0
ああああああああ,2.0,,543,1658879148661973.0
リンクライブ,10.0,,544,1650992604326413.0
個人,4.0,,545,1645551235550703.0
まっちみん,1.0,,546,1639851167895458.0
温室花畑,11.0,,547,1626667490270779.0
NATTO,6.0,,548,1611039718432361.0
麦穂動物園,1.0,,549,1609676662593105.0
ロータスNHK,2.0,,550,1605080510491226.0
あ,6.0,,551,1591871566750610.0
モノクル,1.0,,552,1579366304649217.0
ドルチェスター,1.0,,553,1577870191746418.0
泥人,10.0,,554,1575358057326328.0
リンクラ初心者部,12.0,,555,1573702114230025.0
黒ねこのしっぽ,15.0,,556,1571990587475721.0
ソロ用,2.0,,557,1563520797089270.0
ボクのおうち,6.0,,558,1559528767558509.0
睡眠障害ーズ,1.0,,559,1557805915697049.0
Dreamers,12.0,,560,1539402118305702.0
ゆっきー組,4.0,,561,1538899127106512.0
大室家,5.0,,562,1525053209836833.0
報酬用,7.0,,563,1508808394229096.0
チーム自由,1.0,,564,1505742187979820.0
乙宗四季恋愛㌠,9.0,,565,1497289313346094.0
さすさや,8.0,,566,1496910022766656.0
蓮の虚無サー,17.0,,567,1491386100639240.0
蓮蓮蓮蓮蓮蓮蓮蓮,3.0,,568,1478549229129677.0
蓮ノ空同好会,22.0,,569,1447300898598586.0
立ノ空スクステ部,7.0,,570,1432380091966601.0
FF43企鵝冰屋,1.0,,571,1428414333307546.0
かにたんく,1.0,,572,1421597612411470.0
平穏無言,9.0,,573,1404826484991781.0
川越総本部,1.0,,574,1404041646228466.0
初心者さん,12.0,,575,1401279626502826.0
目指せAランク,1.0,,576,1397940253551245.0
人形浄瑠璃乃,12.0,,577,1391411554363409.0
梢先輩すきすき部,7.0,,578,1383199957247153.0
ラブライブ格ゲー,0.0,,579,1373789457463795.0
株式会社つづさや,8.0,,580,1342050996631471.0
留年回避補習室,1.0,,581,1339858845987956.0
サムズアップ村,2.0,,582,1336696848877268.0
専門演習F4,6.0,,583,1326838170994716.0
リンクラ支部,1.0,,584,1324723948932256.0
はっすーず,11.0,,585,1320266229113254.0
こずさや保護者会,3.0,,586,1315862832403362.0
蓮ノ空自由クラブ,18.0,,587,1314223903310033.0
参加賞取り隊,12.0,,588,1306744783087995.0
スクスタ避難民,10.0,,589,1306021538749291.0
☆蓮ノ空クラブ☆,10.0,,590,1303056255795089.0
蓮ノ空喫茶部,12.0,,591,1300965635059182.0
とりあえずイベ用,1.0,,592,1299794207248356.0
ソロマターリ,13.0,,593,1299019197962304.0
戦慄のたまに衆,2.0,,594,1297145773232055.0
まったり綴理推し,9.0,,595,1290313647990394.0
隣の芝刈り,2.0,,596,1284483202630834.0
蓮ノ空日野下厩舎,2.0,,597,1283652045152703.0
麺のびリンクラ支,2.0,,598,1283459130106438.0
蓮ビギナーの集い,11.0,,599,1277180435534303.0
蓮之空中国同好会,16.0,,600,1272927912347353.0
せーはす応援団,1.0,,601,1272062891845991.0
ラビットハウス,3.0,,602,1230672998529063.0
スリーズ分家,8.0,,603,1223598371472663.0
壁の民女学院,3.0,,604,1213599896281610.0
オートスキップ団,17.0,,605,1209664872969180.0
起きられないマン,0.0,,606,1209452848158708.0
蓮ノ黄昏,0.0,,607,1207852957300204.0
無言,35.0,,608,1184210511750030.0
お花畑,0.0,,609,1176474658848637.0
大天使村野さやか,11.0,,610,1167158604216851.0
心の癒し～蓮ノ空,18.0,,611,1163478328356600.0
みーかるぱーく！,15.0,,612,1161357720953093.0
綴理の綴り,9.0,,613,1159666324147286.0
なんか,4.0,,614,1152127935402835.0
かがやき号蓮女行,0.0,,615,1151913787003278.0
イベント参加用,8.0,,616,1137319886731031.0
さやか見守り隊,0.0,,617,1127613924212628.0
虹ヶ咲学園,14.0,,618,1107698505127468.0
みらくるねす,2.0,,619,1107365630309851.0
異次元フェスから,8.0,,620,1100001626987395.0
イベント用？,9.0,,621,1097784506698377.0
めぐ党同好会,16.0,,622,1075365367244172.0
近畿の大金沢,5.0,,623,1073672973143116.0
蓮の花束,5.0,,624,1072232912851422.0
蓮ノ空福井分校,6.0,,625,1069068830924827.0
基本無言,14.0,,626,1057815495696511.0
起きろ夕霧綴理,13.0,,627,1054912526520218.0
チケキャン,3.0,,628,1048117081128106.0
兼六園と私,2.0,,629,1047028428764720.0
ラベンジャー部,4.0,,630,1033284251248207.0
関西ラ研,5.0,,631,1032845329487489.0
忙しい人あつまれ,7.0,,632,1018302604299336.0
ねむみ,0.0,,633,1015245378593313.0
ビギナーズラック,0.0,,634,1012319342125419.0
ワンニャン部,10.0,,635,1010863727132118.0
ハラショー！,14.0,,636,1007672353261589.0
京大LL研究会,5.0,,637,998093672892798.0
ALLSKIP,0.0,,638,992180108167357.0
蓮の空研究部,9.0,,639,987660249150032.0
オタサーの姫芽,11.0,,640,980900821412186.0
すりすりの森,1.0,,641,977357301316724.0
超初心者の会,8.0,,642,972630930765177.0
のんびりサークル,17.0,,643,969556181423867.0
れむキンTV,0.0,,644,946697340906674.0
まったり倶楽部！,4.0,,645,944383181535381.0
なんでやろ８番,1.0,,646,944024894821970.0
瑠璃乃の集い,7.0,,647,927388663067513.0
NERV,1.0,,648,908791937977233.0
㍿キモ・オタク,5.0,,649,901470959830581.0
イベント用の泥,6.0,,650,900865452602233.0
蓮ノ空さやか研,4.0,,651,896101170885425.0
くぁwせdrf,0.0,,652,889942564926152.0
猫ねころぶ,1.0,,653,884311338949762.0
LLユーカー部!,5.0,,654,879255103442056.0
ちゅけ会,2.0,,655,866900393028382.0
TTMC蓮ノ空班,1.0,,656,853518448948179.0
蓮ノ空釣り堀〜,3.0,,657,853516731386073.0
初心者歓迎,17.0,,658,851232266885372.0
蓮之空台灣分部,2.0,,659,848535955189519.0
のんびりまったり,5.0,,660,845939588066762.0
イカトンブライ部,8.0,,661,840949671483674.0
ミステリサークル,1.0,,662,837745386895803.0
◯◯◯,5.0,,663,837660058743329.0
からあげ,2.0,,664,835829932200184.0
ぎるてぃぱーく,3.0,,665,831411865161138.0
ソロプレイヤー,1.0,,666,829678937201759.0
ピーマンの肉詰め,1.0,,667,813082958509053.0
(。・ω・),0.0,,668,810407251888002.0
ドルスリズパーク,2.0,,669,809970915915011.0
ほりでぃぱーく!,3.0,,670,806953796177518.0
主人公同好会,1.0,,671,779291308053300.0
こずこずしてきた,2.0,,672,779186007579945.0
ゆるはす,0.0,,673,776627679799540.0
蓮耳,1.0,,674,775500832145460.0
異次元ビリーバー,2.0,,675,774026248242152.0
ずんだシェイク！,1.0,,676,770125296930668.0
777,0.0,,677,769318465547963.0
なに,2.0,,678,768055163973033.0
蓮ノ空好き好き〜,2.0,,679,765385049354267.0
ゆったりクラブ,8.0,,680,764218022741231.0
さやかほ観測所,13.0,,681,759669449762687.0
蓮ノ空ぼっち部,5.0,,682,754138391060580.0
菅！CAN！叶！,10.0,,683,749809045312901.0
さやつづ愛でる会,6.0,,684,744796771555312.0
輝く未来,1.0,,685,739731460442908.0
睡眠大事,1.0,,686,739272895629891.0
なにもしない,1.0,,687,739245595059087.0
こず花帆尊い,7.0,,688,730554200181540.0
ーーーー,1.0,,689,725864453558194.0
虹咲学院,4.0,,690,724825284440936.0
近江町食べ歩き隊,9.0,,691,722775095568750.0
うさぎのしっぽ,10.0,,692,714162476824157.0
みらくらぱーく！,16.0,,693,712272330888197.0
酢蓮根,10.0,,694,709858241821928.0
バッグクロージャ,4.0,,695,695065097184883.0
◇,1.0,,696,693952262788171.0
中川左遷先,2.0,,697,690882487848560.0
ラブライバー拓也,1.0,,698,690549795735246.0
イナカモノズ,0.0,,699,687425096236817.0
ゔんゔん會,1.0,,700,682820465027279.0
蓮ノ空泥の会,10.0,,701,678379382803526.0
映り込み金魚,9.0,,702,678233778006214.0
ゆきみかん,0.0,,703,673445190940395.0
泥沼,4.0,,704,670450900770865.0
◎ディヴィナシオ,0.0,,705,670313539259316.0
さや…好きだよ…,7.0,,706,666383408906319.0
La+,1.0,,707,665906833002155.0
初心者の会,9.0,,708,659520868613185.0
ヒペリカムセゾン,6.0,,709,653949295904595.0
蓮ノ空,5.0,,710,648930221398217.0
こずかほ残陽中…,0.0,,711,644671559588708.0
対抗戦,5.0,,712,643903107313065.0
水彩ブーケ,16.0,,713,641166356950081.0
ドミノシティ,0.0,,714,641038205508385.0
自由睡眠同好會,0.0,,715,639285709869886.0
さやかわいい,11.0,,716,633054223626501.0
ラッキーＫ,0.0,,717,632775584030614.0
トライファイター,3.0,,718,632008325196413.0
ロビーで待ってる,5.0,,719,631611042614763.0
まったりんくら,5.0,,720,629705220817760.0
蓮ノソロ女学院,2.0,,721,619363272682629.0
蓮ノ空楽曲派,2.0,,722,616693370359517.0
蓮ノ空奉仕部,3.0,,723,614871587825207.0
綴理の寝顔守り隊,3.0,,724,607531242576442.0
無言自由,13.0,,725,606731157542972.0
乙宗先生指導会,3.0,,726,600317050873943.0
こずめぐ党,15.0,,727,599511389165950.0
中国club,3.0,,728,595892107930917.0
ゆるリンクラ,17.0,,729,592718678554315.0
まったりGngy,4.0,,730,581393327186644.0
あつまれ好好の森,6.0,,731,572363745480409.0
蓮ノ空地学部,2.0,,732,570695683271958.0
誰でもどうぞ,9.0,,733,560119950911910.0
蓮党,15.0,,734,558571197714674.0
金沢綴理門,6.0,,735,556856296746690.0
虹ヶ咲、蓮ノ空,11.0,,736,545866850577965.0
終末北陸旅行部,0.0,,737,541099351696642.0
恵おし,2.0,,738,541083912866998.0
好きだかんな？,12.0,,739,538344407634468.0
アマ研ガルパン班,4.0,,740,533324087118566.0
乙宗家の屋敷妖精,9.0,,741,532412326847317.0
蓮の空イベント部,9.0,,742,529361762819726.0
ラブライ部,1.0,,743,529327382831624.0
ワンゲル,0.0,,744,528943111878414.0
Lotus123,1.0,,745,528736161760739.0
梢党,2.0,,746,528579695238801.0
かけ込み寺クラブ,10.0,,747,523685138824012.0
KIT,1.0,,748,523050378507609.0
はすのこ,0.0,,749,522358296997233.0
まったり蓮ノ空,3.0,,750,521923348393525.0
夕霧綴理親衛隊,12.0,,751,520414122626804.0
蓮ノ空モブAB部,3.0,,752,517234332481018.0
アフターが見たい,6.0,,753,512166489951496.0
シャイニーフラワ,5.0,,754,511515195708697.0
蓮ノ空すきすき部,11.0,,755,508349971781147.0
めぐ党員の部屋,10.0,,756,504870880757650.0
蓮ノ空給湯室,17.0,,757,504565824581810.0
にゃんこな,0.0,,758,501828642426511.0
花帆ウサギ,5.0,,759,500774813751688.0
サークル,6.0,,760,498152129576084.0
瑠璃乃すみか,4.0,,761,497308151090115.0
DC大好きクラブ,4.0,,762,494464389229815.0
敦賀第二機関区,1.0,,763,490895461326532.0
蓮ノ空れぎゃ米部,4.0,,764,487822200441261.0
スクスタモ部,1.0,,765,487416917543455.0
沼,1.0,,766,483358792489386.0
ブルーロータス,3.0,,767,480399834376866.0
飛びポ好き好き部,0.0,,768,479641223004456.0
金蔓,2.0,,769,474346222083110.0
チームまったり,6.0,,770,471974201128447.0
無言◎私生活優先,9.0,,771,471853614099266.0
第3芸能科,8.0,,772,464504510693321.0
かがやききらめき,4.0,,773,460451042770190.0
チョコパン,1.0,,774,459866510982980.0
海の幸,2.0,,775,457754122147458.0
蓮ノ空中文同好會,10.0,,776,455922945781520.0
ソロっと倶楽部,6.0,,777,452784035921930.0
無言自由。,14.0,,778,450894840490620.0
じゃがじゃがいも,0.0,,779,447470514372645.0
蓮ノ空の空気,2.0,,780,443403408205402.0
虹ノ空クラブ,10.0,,781,442681043648276.0
eggplant,1.0,,782,442544899485634.0
蓮ノ空ゆる活動部,10.0,,783,439184813183152.0
ログイン勢かもん,9.0,,784,438285479476141.0
無言のお茶会,8.0,,785,437412519605023.0
花帆さん愛でる会,6.0,,786,430930357811963.0
煌めく君と今を,1.0,,787,428777364386671.0
スリブ好き好き会,2.0,,788,427312829776684.0
城,0.0,,789,425372482950259.0
どろんちゅ,11.0,,790,425072397925105.0
スリーズパーク,6.0,,791,424203232187803.0
ソロ活,1.0,,792,422110672455399.0
3度の飯より睡眠,1.0,,793,421089563102297.0
アニメ最高クラブ,8.0,,794,419321019171352.0
所属だけしたい部,10.0,,795,419028291465985.0
蓮ノ空紅茶部,10.0,,796,418121169926565.0
ハッスルノ空学院,0.0,,797,417840576855919.0
るりーーー,8.0,,798,415904930620026.0
みんなのみかん畑,5.0,,799,415850970291143.0
月火水木筋トレ日,1.0,,800,411767726468212.0
nobaman,1.0,,801,410447051561627.0
電電の遊び場,0.0,,802,408775990419789.0
そらいろ,1.0,,803,406926020701570.0
無言交流なし,13.0,,804,405172936946300.0
理外の外,2.0,,805,402157325999087.0
めうめう,3.0,,806,399449084146372.0
蓮ノ空と明日の空,0.0,,807,394432650980072.0
LLLL!,0.0,,808,391102841403205.0
AltF4され隊,6.0,,809,390973852103996.0
高松家,1.0,,810,390609477381912.0
Spiw,1.0,,811,387805692708097.0
対抗戦(個人),1.0,,812,387601854314660.0
箱推し,1.0,,813,387324595475006.0
まにまに,0.0,,814,384490148671300.0
ステージ創造科,0.0,,815,384149328108956.0
蓮ノ空トキメキ部,4.0,,816,383531113974797.0
無題,1.0,,817,381831571316973.0
フラワー!!!!,0.0,,818,379127092260472.0
デザイア,1.0,,819,374158313473638.0
中等教育下。,0.0,,820,373644700844370.0
無言でどうぞ,9.0,,821,373444463393094.0
flowery*,1.0,,822,373205489014337.0
安養寺姫芽推し会,2.0,,823,373031147535422.0
らっこ,1.0,,824,372429676119952.0
蓮ノ空百合クラブ,8.0,,825,366996776851817.0
北部公園散歩部,1.0,,826,364688022340923.0
かほつづ,0.0,,827,363452099279369.0
リンクス同好会,1.0,,828,362774246230470.0
Ⅲ類隔離所,0.0,,829,361207053264651.0
overseas,3.0,,830,360185878769370.0
L.I.land,2.0,,831,359248360090602.0
リンクラ楽しむ隊,4.0,,832,353455388836119.0
伝統工芸愛好会,1.0,,833,351865419739150.0
ふごくらぱーく！,1.0,,834,351772601574402.0
なるようになる,12.0,,835,351751847002801.0
私ののぞみ,1.0,,836,349608720141817.0
フラワー,8.0,,837,349050464092902.0
タフノ空学院,7.0,,838,346218630744268.0
社畜無言サークル,6.0,,839,345727956111397.0
まったり箱推し部,7.0,,840,342180446954730.0
頭文字リンクラ部,2.0,,841,340201642289242.0
つづるりのなかま,0.0,,842,339846680152876.0
ことりのダイヤ,3.0,,843,334201622500628.0
まるまるさーくる,1.0,,844,333758357687776.0
放課後写真部,12.0,,845,330305465682334.0
自由！開心！,4.0,,846,329195431825708.0
ゆったり蓮ノ空,1.0,,847,327740962117605.0
十四番隊,3.0,,848,326431522082732.0
リンクラ芸楽部,8.0,,849,324485562776128.0
お花さん,1.0,,850,323495765155692.0
ぺんぎん隊,9.0,,851,323399796215455.0
Link！ラ部,9.0,,852,321005106372753.0
ログイン目標勢!,7.0,,853,320293998911922.0
廊下閑散,1.0,,854,319095820106179.0
蓮の振替休日,2.0,,855,315712969147193.0
紅茶党,1.0,,856,315625197928596.0
不明,0.0,,857,315106456038469.0
吟子の髪飾り,1.0,,858,313966802032935.0
蓮ノ空ドキ同好会,9.0,,859,312629233450836.0
綴理お世話くらぶ,1.0,,860,310954148691771.0
まったり塔,3.0,,861,310192647927805.0
金沢総合車両所,6.0,,862,308954148490912.0
眩耀夜行好き好き,1.0,,863,307973932878387.0
今のところひとり,0.0,,864,307263474446766.0
ラ！スレ@may,8.0,,865,306280436688216.0
―鏡花水月―,1.0,,866,306204204029808.0
めぐ党員の憂鬱,1.0,,867,305174618587817.0
蓮ノ空シアター,0.0,,868,301596507718194.0
おーぶ@めぐ党,3.0,,869,300928013068869.0
石川県民ひろば,9.0,,870,298336726439616.0
くるす推ちぇす党,4.0,,871,298175885572134.0
灰色ペンギン,3.0,,872,297794938879190.0
蓮の空社会人部,1.0,,873,297056149897433.0
藤黄学園芸学部,0.0,,874,296412679607015.0
檜泉洞派,3.0,,875,296080236660578.0
リンクラスキ♡,2.0,,876,295176698010649.0
金沢カレーの皿,7.0,,877,294836546924736.0
月猫ぱーく！！！,8.0,,878,293804194657385.0
蓮の空好き好き部,6.0,,879,292582783520135.0
はじめての蓮ノ空,1.0,,880,292579647394132.0
ちゃそーず,0.0,,881,290803876562792.0
蓮ノ空初心者,0.0,,882,288988042035186.0
KTCLUB,0.0,,883,286319379284356.0
ログボ勢の集い,12.0,,884,286276884226237.0
無言でやる会,8.0,,885,285729432688815.0
花帆護サークル,3.0,,886,285715064846143.0
戒めのひとり旅,0.0,,887,283168184273280.0
推しを布教する処,8.0,,888,282307498455953.0
ボクなんなの。,3.0,,889,282204043055891.0
リ　ン　ク　ラ,0.0,,890,281771388982701.0
ふみスタ,0.0,,891,277755202202596.0
蓮ノ空無微課金部,9.0,,892,277653940697171.0
はすのそら,17.0,,893,274497557146569.0
サークル名は仮,2.0,,894,274063256694251.0
ソロプレイ,0.0,,895,272611983576763.0
車団団,1.0,,896,268020662043349.0
アラキドン酸Na,4.0,,897,267978342767680.0
HIPHOP界隈,3.0,,898,266501152630009.0
エブホリ,5.0,,899,265044770851810.0
花帆梢百合応援部,0.0,,900,263468951916895.0
ざぁこざぁこ,0.0,,901,262836352129972.0
パンダ和花,0.0,,902,258719711778163.0
はすのとなり,2.0,,903,255462771893088.0
スリブのおやつ,0.0,,904,254273505332147.0
サクサクサーカス,3.0,,905,252951864588957.0
スクスタおじさん,1.0,,906,251235626876562.0
海未×蓮妄想部,0.0,,907,249894750492563.0
待機所,0.0,,908,249476184241756.0
鬼塚商店,0.0,,909,246171938234909.0
揺蕩藍玉,0.0,,910,245594050005854.0
蓮根倶楽部,2.0,,911,244795257600871.0
憩いの場所,7.0,,912,242394243770254.0
先輩で遊ぶ一年生,4.0,,913,242322666570963.0
ねずみね！,2.0,,914,238960492840863.0
LLあおだか2,0.0,,915,237843565487359.0
仮宿(仮),1.0,,916,237498336737537.0
ななみゅー,0.0,,917,235858862995499.0
FU€TORY,1.0,,918,235434272207050.0
瑞蓮隊(無言OK,10.0,,919,231862653406891.0
蓮ノ空口下手部,1.0,,920,230564003441154.0
v..v,0.0,,921,229276431305156.0
くりあろーたす,3.0,,922,228080491716684.0
仮拠点,1.0,,923,227933411265354.0
重曹圖書館,9.0,,924,227601422237047.0
喫茶店スカラ,1.0,,925,224030169600768.0
リンクラまったり,1.0,,926,223806406457076.0
リンクラ広報部,2.0,,927,221255416067263.0
CoreSolo,1.0,,928,219656838414168.0
無言倶楽部,7.0,,929,217732578005840.0
ラブライブ愛好家,8.0,,930,215342684144347.0
WIRED,1.0,,931,213939688110024.0
異次元P,3.0,,932,213395458674632.0
KNS,1.0,,933,213153356739320.0
ツキマカセ,5.0,,934,210333217635891.0
GEAR,3.0,,935,209375631280793.0
ココン東西南北,3.0,,936,208562071955033.0
idol.st,9.0,,937,208450405839148.0
ごはん処,2.0,,938,208290611965767.0
新米蓮好き好きC,2.0,,939,208208685946858.0
まったりサークル,8.0,,940,208089965746672.0
我思う故に我あり,2.0,,941,207482727522751.0
虹ちゃん最高！,13.0,,942,207002597082359.0
one room,1.0,,943,204878830821204.0
対抗戦したい,4.0,,944,203375911314943.0
フリーダム,2.0,,945,202233566424030.0
蓮ノ空美化委員会,1.0,,946,202211776142014.0
ODEN,0.0,,947,200201539413425.0
自由なのだけれど,6.0,,948,195995593584121.0
泥ん子(仮),0.0,,949,195797948708840.0
オメガケンタウリ,2.0,,950,195447520613659.0
コズエとツヅリ,2.0,,951,194875343471131.0
カプレーゼ,0.0,,952,194254394697627.0
みらぱ全力待機部,3.0,,953,192009446469215.0
ヒトリ,1.0,,954,191916872668171.0
他人任せじゃダメ,0.0,,955,191341765194962.0
毛玉犬愛好会,2.0,,956,191125263217465.0
ドルケランド,1.0,,957,188104949265814.0
臨時列車,0.0,,958,187821059084009.0
自分用,7.0,,959,187658794509367.0
蓮ノ空至上主義！,1.0,,960,187312877612913.0
気分屋,1.0,,961,186423300375807.0
めぐめぐめぐ党,0.0,,962,185645729792088.0
残陽の事すきすき,1.0,,963,185028423108964.0
destiny,1.0,,964,184159977817514.0
僕のママ,4.0,,965,183352470914506.0
日進月歩,3.0,,966,181785826272595.0
そろ,1.0,,967,181488060858557.0
ケ・セラ・セラ,2.0,,968,181006060452169.0
せのさえ,1.0,,969,180992212803547.0
11人いる！,1.0,,970,179906657921629.0
よろずや,0.0,,971,179677868324121.0
蓮ノ空広島県支部,1.0,,972,179005853628294.0
Jサポx蓮ノ空,1.0,,973,178406415585422.0
箱推単推両方OK,2.0,,974,177562697611175.0
ぼけめぐ,1.0,,975,176598625576318.0
月夜見海月よすぎ,1.0,,976,172923220011918.0
地元愛蓮沼団,1.0,,977,172077153041655.0
蓮ノ空校務員室,0.0,,978,171855405562526.0
下松系拉麺同好会,5.0,,979,171836995322433.0
海の幸サザエ,0.0,,980,171211980959044.0
おはめぐ党本部,10.0,,981,170960339970722.0
大賀美組,7.0,,982,170591019563320.0
まったり社会人部,3.0,,983,170412329241543.0
4U LOTUS,3.0,,984,169713355992328.0
つづさや会,7.0,,985,168522883414546.0
せーので！埼ノ玉,3.0,,986,167934761402443.0
直通非対応,3.0,,987,166446816564410.0
ゆるっと,0.0,,988,166395953028790.0
わいわい,2.0,,989,165121681792047.0
乙宗梢好き好き部,1.0,,990,164320071172733.0
HanaHana,1.0,,991,163139726786866.0
リンクラ部（仮）,7.0,,992,161950698753587.0
隔離病棟,3.0,,993,161698330642689.0
異次元から来た,1.0,,994,160317505859908.0
アイリス,12.0,,995,160214930452667.0
一人でのんびりと,1.0,,996,159065762373181.0
優駿蓮ノ空,0.0,,997,158232841696261.0
なんとかなるさ,1.0,,998,158115868927486.0
つづさや見守り隊,7.0,,999,157164131988418.0
〼研スクステ部,4.0,,1000,154292563568536.0
千里浜の砂,1.0,,1001,153857709602523.0
みらぱは飛び道具,0.0,,1002,153554271649648.0
沼津内浦メンバー,8.0,,1003,152555386870411.0
乙宗梢を愛で隊,8.0,,1004,152548779152196.0
いっぬ,1.0,,1005,150695891192290.0
LGドルケストラ,0.0,,1006,149979376726330.0
テキドニテキ党,0.0,,1007,149621681852846.0
こてっちゃん～,1.0,,1008,147840863534369.0
約束のBAR7,1.0,,1009,147691902066985.0
まったーり,5.0,,1010,146222649329585.0
にいなさら,0.0,,1011,146148950383391.0
82プロ,6.0,,1012,143235176680629.0
さやか愛でる会,9.0,,1013,143132421111968.0
のんびりきなこ,2.0,,1014,142725426526672.0
とりあえずやろう,3.0,,1015,141300454593474.0
ゆいわに同好会,1.0,,1016,140796208921206.0
テキトー,1.0,,1017,140182846934073.0
シャットダウン？,1.0,,1018,139674168960206.0
本蓮沼同好会,0.0,,1019,137775831732916.0
ライグラ用,1.0,,1020,135226333952221.0
百合ノ花園同好会,1.0,,1021,135167718182708.0
蓮ノ空創作部,1.0,,1022,134948642637747.0
WINS金沢,2.0,,1023,134042403390298.0
倶楽部賭郎,3.0,,1024,133758689810410.0
あっとほーむ,2.0,,1025,133617805043250.0
みょ〜ん,0.0,,1026,133319288580796.0
いい声の蓮ノ空会,7.0,,1027,132380541580133.0
運命の人5万人,2.0,,1028,131674738577182.0
無言推奨・自由村,9.0,,1029,130912534281889.0
とんかち,0.0,,1030,130910285605098.0
蓮ノ美食殿,0.0,,1031,130588503853573.0
寝そ部,1.0,,1032,130290717371280.0
蓮ノ空緩々交流会,5.0,,1033,130192264322318.0
ひとりでも,0.0,,1034,129640832214931.0
蓮ノ空APOP部,1.0,,1035,129479316890366.0
LLSP,1.0,,1036,129349809530008.0
やっぱかほこず♪,0.0,,1037,128023396381486.0
お膝枕でごろん,0.0,,1038,127476380584428.0
おーん,1.0,,1039,126858032584893.0
ライグラ体験会場,2.0,,1040,126578273454863.0
今回はソロで！,1.0,,1041,125815190049778.0
ぼっちざらいぶ！,0.0,,1042,125810897670415.0
LLEspaña,4.0,,1043,125529120875936.0
村立お野菜農園,2.0,,1044,125353905610207.0
めぐちゃんズ(仮,10.0,,1045,124125634694964.0
ゆるっとホリディ,5.0,,1046,122761079198678.0
こずつづ癒され隊,0.0,,1047,121755121057923.0
蓮ノ空漫画研究部,2.0,,1048,121090898685869.0
みらくら実験室,1.0,,1049,121054243244387.0
8番らーめん好き,0.0,,1050,119711477122566.0
ずらまる卯どん。,4.0,,1051,119702103760158.0
無言絡みなし,10.0,,1052,119365902669768.0
スリーズショコラ,1.0,,1053,119260415148960.0
蓮ノ空ソシャゲ部,0.0,,1054,119140146000085.0
ソロ,3.0,,1055,118876537070202.0
○サークル,5.0,,1056,118264957052046.0
チームK,0.0,,1057,117800179341933.0
さやか激推し,1.0,,1058,115412243116600.0
か,1.0,,1059,114470399448910.0
歌蓮ティールーム,3.0,,1060,113219346825100.0
リンクライ部,0.0,,1061,112682867017583.0
禁断のセカイ♡,3.0,,1062,112111592147022.0
つづこず大好き部,9.0,,1063,111563952021226.0
ねこぺん,3.0,,1064,111161143469174.0
天才なのかも…,0.0,,1065,109637472496709.0
リンクラ部,0.0,,1066,109262562544319.0
ゆるラブライブ！,0.0,,1067,108158718209538.0
ボッチ会,10.0,,1068,107952744206231.0
P&S,3.0,,1069,105971135172762.0
蓮の東東京第90,1.0,,1070,105334873785658.0
203号室,0.0,,1071,104955248078353.0
おためし,1.0,,1072,104523375312972.0
着せ恋終嘘でしょ,0.0,,1073,104264860889837.0
いいね金沢,2.0,,1074,103821886826773.0
初心者,7.0,,1075,103637683558735.0
EDF蓮ノ空支部,1.0,,1076,103409653147872.0
Lotus,4.0,,1077,102411154593371.0
case_kk,1.0,,1078,101850709537339.0
花梢恋愛後援組,0.0,,1079,100955010344701.0
野生のちんすこう,1.0,,1080,100733966016423.0
TK会,2.0,,1081,100163324386422.0
桜色世界,3.0,,1082,99784102726421.0
一蓮托生,8.0,,1083,99423240176570.0
LLYMLSIC,0.0,,1084,98836542341640.0
ＣＡＴの会,0.0,,1085,97745629979226.0
のんびりと部,6.0,,1086,97557047919940.0
1ミリ手前,4.0,,1087,96972811368345.0
雪野球愛好会,1.0,,1088,96208331399242.0
雰囲気でやる,1.0,,1089,95018779930011.0
ﾉﾝﾁｭｹｰｰｰ,2.0,,1090,94936317483427.0
素晴しき青空の会,1.0,,1091,93837009680854.0
ROM,1.0,,1092,93216789149691.0
さわやか3組,3.0,,1093,93135446905721.0
かいわれだいこん,1.0,,1094,92416388557726.0
メメントの森公園,6.0,,1095,92295500365334.0
ソロ活動～休止中,1.0,,1096,91888966433187.0
(・8・),7.0,,1097,91650714069481.0
ひめすず見守り,0.0,,1098,91198678053096.0
歌唱？舞踏？,0.0,,1099,91050777788707.0
小さな蓮ノ空,4.0,,1100,90500472394528.0
ゴーイングメリー,3.0,,1101,89917982382518.0
加賀藩,1.0,,1102,89847756077690.0
m,1.0,,1103,89772966242469.0
ろーたすぺたる,2.0,,1104,88780421273771.0
うさぎ小屋,4.0,,1105,88385722716263.0
無言OK！,5.0,,1106,88341081638013.0
マッタリ～ズ,0.0,,1107,88195939389054.0
オルケストラ,0.0,,1108,87190905346132.0
(木朱)月音製粉,0.0,,1109,86293206609470.0
W.I.N.G.,0.0,,1110,86258378802666.0
蓮ノ奏(仮),3.0,,1111,86165223441337.0
おしご党,1.0,,1112,86026260573774.0
ほたて,1.0,,1113,84874130959910.0
【驚寒の殿堂】,1.0,,1114,83532381677173.0
ゆるゆるサークル,1.0,,1115,83106771615008.0
シン・エスパルス,2.0,,1116,82889887406228.0
めぐさや好好部,1.0,,1117,82835832712349.0
μARLL’s,1.0,,1118,82796834837967.0
フラワースパーク,1.0,,1119,82675142426796.0
ゆるゆる無言,0.0,,1120,82500261519075.0
魚腹捕,1.0,,1121,82170774877805.0
CANVELS,0.0,,1122,82166572270543.0
白ひげ海賊団,2.0,,1123,82150163604965.0
梢先輩の歌声好き,19.0,,1124,81978151330329.0
星楽派樺,0.0,,1125,81777262229068.0
Solo,1.0,,1126,81753075468826.0
まったり猫,0.0,,1127,80417715657487.0
蓮ノ空温活部,2.0,,1128,80011243768818.0
ぼっちサイコー！,1.0,,1129,79958942114657.0
???,1.0,,1130,79808418454277.0
25時、残陽で。,9.0,,1131,78429670254485.0
チュロスの旅,1.0,,1132,77755158916090.0
蓮っ子(28%),1.0,,1133,77459082935952.0
生きてるだけ偉い,16.0,,1134,77372204708696.0
こずぎんかほ,0.0,,1135,76386680600817.0
まったり　無言,5.0,,1136,75621624138198.0
心堅石穿,1.0,,1137,75537394497166.0
光の星,2.0,,1138,74416850228402.0
蓮ノ空隣人部,2.0,,1139,74377355600767.0
牛頭ﾉ空馬頭学院,2.0,,1140,74193333834657.0
だらけ屋本舗,0.0,,1141,73601548007543.0
月月火水木金金♪,1.0,,1142,73156714621496.0
博士課程準備中,1.0,,1143,72804300301521.0
サークル戦連合軍,1.0,,1144,72152374025312.0
JIMOAI,3.0,,1145,72082516867245.0
推しを愛する者達,1.0,,1146,71877812771547.0
涅槃寂静,2.0,,1147,71817202016709.0
ろーたすぺたる！,6.0,,1148,71300071988125.0
蓮ノ空ガノタ部,0.0,,1149,70903595883251.0
蓮ノ空∞園芸部,4.0,,1150,70290727163014.0
日豊本線ソロの会,0.0,,1151,70206643696916.0
ほげほげ,1.0,,1152,70180309557449.0
フェッテ,1.0,,1153,69742374894912.0
めぐ党大沢事務所,7.0,,1154,69247838908041.0
hmm,1.0,,1155,68771151710395.0
蓮ノ空WATCH,2.0,,1156,68757594605011.0
ナイトオブパスタ,1.0,,1157,68732604715194.0
ライブグランプリ,1.0,,1158,68426777516278.0
蓮ノ空P活クラブ,2.0,,1159,68362707122354.0
蓮沼の会,1.0,,1160,67968407223300.0
キンカンナマナマ,1.0,,1161,67641603025808.0
伊達ヶ丘,2.0,,1162,67461261217830.0
103最後の自用,0.0,,1163,66820120001885.0
蓮ノ空地域鉄道部,1.0,,1164,66546780263827.0
引田町民詰所,1.0,,1165,66031900914061.0
無名,1.0,,1166,65744054597098.0
VALORANT,6.0,,1167,65316325072285.0
アフター視聴,2.0,,1168,64684970256287.0
蓮ノ空野球部(仮,2.0,,1169,64479198706950.0
ドルケスキスキ部,7.0,,1170,64226605314572.0
蓮ノ空風紀委員会,1.0,,1171,63350170038767.0
儚無水木,1.0,,1172,62478495168523.0
蓮サークル,0.0,,1173,62278704611950.0
ムキムキカボチャ,0.0,,1174,61534123516280.0
肥満児芸楽部,1.0,,1175,61409813567737.0
3501E,1.0,,1176,61300947360798.0
さやかの首のあざ,1.0,,1177,61253687162652.0
(T ^ T),0.0,,1178,61236356494413.0
金沢サニーランド,2.0,,1179,60793252594640.0
行き場無い流れ者,1.0,,1180,60495284877594.0
蓮ノ空を見守る会,11.0,,1181,60455072118784.0
めぐぱい党,2.0,,1182,59865630129893.0
鉄花団,1.0,,1183,59738928535144.0
蓮の季節,1.0,,1184,59718070497937.0
小平,1.0,,1185,59414632993205.0
ジェミニ,1.0,,1186,59207716339594.0
機械さんと仲良く,2.0,,1187,59200621943620.0
愛と想いやり,9.0,,1188,58918554397327.0
Eサークル,1.0,,1189,58783254046700.0
蓮が大好きクラブ,4.0,,1190,58282133873808.0
お寿司好きクラブ,3.0,,1191,58221572250547.0
はすおじっ！,2.0,,1192,57511787217127.0
いつものメンバー,0.0,,1193,57410833709823.0
てつP,0.0,,1194,57389684876514.0
ごろちゃんず,4.0,,1195,57336776908548.0
個人主義,1.0,,1196,57150104225566.0
中国愛蓮同好会,10.0,,1197,56580074354224.0
汚れてゆく花びら,1.0,,1198,56572100235135.0
平日忙しい人たち,1.0,,1199,56354447179092.0
蓮ノ空無限加速部,3.0,,1200,55581378958594.0
りんくらぱーく！,1.0,,1201,55575779945584.0
日語漢語蓮愛団,6.0,,1202,55569594229174.0
悠悠閑閑サークル,1.0,,1203,55446834190846.0
スリケスぱーく,2.0,,1204,55265525320486.0
2駅先の廃商店街,0.0,,1205,54989300615071.0
ご隠居様方の集い,4.0,,1206,54694465828309.0
蓮ノ空海賊団,1.0,,1207,54448521226441.0
123,0.0,,1208,54109318747942.0
フリーフラワーズ,1.0,,1209,53919888766092.0
センチメンタル,1.0,,1210,53475368297651.0
撫子祭,0.0,,1211,53330717736881.0
リ!リ!リ！,8.0,,1212,53301570849624.0
壁民の集い,1.0,,1213,53140797707939.0
ハスフラスコ,1.0,,1214,53039123796579.0
華鳥風月,0.0,,1215,52702272164091.0
さやか推し♪,1.0,,1216,52346328545461.0
どら,2.0,,1217,51980721443932.0
いたニキハウス,1.0,,1218,51958615312640.0
テスト,2.0,,1219,51328176761888.0
無言初心者お試し,9.0,,1220,51326359207705.0
毎日がエヴリデイ,0.0,,1221,51304922308890.0
田中団,2.0,,1222,50601129692209.0
蓮ちゃん好き,1.0,,1223,50464267781614.0
L！L！ラ！,1.0,,1224,50190070328744.0
DJかちまち,1.0,,1225,49724773849323.0
ドはドドドのド,1.0,,1226,49456132517182.0
金沢住んでます,0.0,,1227,49270376400896.0
加能がにはうまい,1.0,,1228,49262908585147.0
蓮ノ空×アイカツ,0.0,,1229,48860992152814.0
やさいせいかつ,0.0,,1230,48791986979336.0
Lyric,6.0,,1231,48642930623615.0
シベリア送りだ。,0.0,,1232,48311718216493.0
蓮っ子北海道支部,2.0,,1233,48203294709828.0
夏の空色,0.0,,1234,48006461346676.0
蓮ノ空後方支援部,8.0,,1235,46334784037058.0
魚肉セーソージ,0.0,,1236,45770965256312.0
freebird,0.0,,1237,45343733121912.0
Ssss,0.0,,1238,44430570188316.0
with Us,1.0,,1239,44261734474727.0
蓮ノ休日出勤,2.0,,1240,44257205386192.0
梢サマー,1.0,,1241,43958659603452.0
石川県不審者情報,2.0,,1242,43882553325854.0
ソラネル,1.0,,1243,43769533930101.0
誰推しでも,2.0,,1244,43405305760036.0
みらくらぶ♡,0.0,,1245,43242507626663.0
浦の空,1.0,,1246,43083352127491.0
りんくら部,2.0,,1247,42938542075245.0
めぐ糖,1.0,,1248,42893818707484.0
#蓮ノ空相撲部,1.0,,1249,42719594317240.0
めろんおいしい,1.0,,1250,42449806345910.0
こやんいくらぶ,2.0,,1251,42399261817921.0
吟子ちゃん応援団,0.0,,1252,42328785187579.0
flourish,2.0,,1253,42066561164116.0
蓮ぼっち同好会,1.0,,1254,42025975154315.0
泥の民,4.0,,1255,42010346400594.0
自由さーくる,4.0,,1256,41908669185961.0
コミュ障,1.0,,1257,41873294603768.0
綴理連邦軍,2.0,,1258,41689823699666.0
みらくら推し,0.0,,1259,41632033547644.0
かほめぐ至上主義,2.0,,1260,41228919897946.0
沙知党の片割れ,0.0,,1261,40674705219393.0
蓮ノ空空域,0.0,,1262,40505708984903.0
梢先輩大好き軍,4.0,,1263,40440749083979.0
ま,0.0,,1264,40247422042677.0
ひめまつき,2.0,,1265,39818331068147.0
ルリ×ギン待望論,1.0,,1266,39778142232280.0
私の自由ダァー！,2.0,,1267,39730823719844.0
ぴんそん,0.0,,1268,39600149188291.0
さやのごはん,1.0,,1269,39466433625808.0
リンクラゆるぼ,1.0,,1270,39253250436307.0
まこ鎮魂,1.0,,1271,39223415075731.0
ンゴ,0.0,,1272,38530681124232.0
好き好きクラブ,1.0,,1273,37378148511080.0
覇王樹LL同好会,1.0,,1274,37179364275948.0
ふらわー,0.0,,1275,36980337735000.0
異次元のP達,0.0,,1276,36944842847235.0
宮尾美也学会,1.0,,1277,36917417244143.0
トップハムハット,0.0,,1278,36825848669748.0
ちーむUK,0.0,,1279,36010302270040.0
むじな部,3.0,,1280,35580490088287.0
秋の暮れ燃える赤,0.0,,1281,35564384047136.0
ボクら,2.0,,1282,35412557618859.0
イーハトーブ,1.0,,1283,35354262969439.0
ゆるゆるアーリー,2.0,,1284,35312324702327.0
つづさや党,1.0,,1285,35149013103837.0
凛明館女学院,1.0,,1286,35118188177505.0
なるほどねぃ。,1.0,,1287,34393415919412.0
スケイプゴート,0.0,,1288,34171088137967.0
蓮の空サークル,1.0,,1289,33913467357891.0
蓮ノ空山嶽部,0.0,,1290,33730952299617.0
うぐぇ,1.0,,1291,33526201479955.0
ぼっちぼっち,0.0,,1292,33477749358510.0
16代目いぶき組,3.0,,1293,33455006269334.0
ふくふくわんこ,0.0,,1294,33188537290603.0
アシュラム,1.0,,1295,32938391181160.0
モヒカン,1.0,,1296,32726264901227.0
技大アイドル部,1.0,,1297,32085958261533.0
尊みの下僕の集い,1.0,,1298,31315765566024.0
瑠璃色ストラップ,0.0,,1299,31176344037519.0
梢先輩の後輩,1.0,,1300,30605361956339.0
蓮ノ空太陽神ラー,1.0,,1301,30404653963198.0
ダージリン倶楽部,1.0,,1302,30353167334967.0
蓮ノ空過食クラブ,7.0,,1303,30145058532267.0
t,2.0,,1304,30059205837292.0
花さかニャンコ,1.0,,1305,29931914522094.0
虹蓮中国同好会,2.0,,1306,29921914856614.0
迫真謡舞踊部,0.0,,1307,29584426041787.0
パドマシューニャ,1.0,,1308,29469277292551.0
JazzPark,0.0,,1309,29314332495588.0
スリブのオタク,1.0,,1310,29261032786197.0
蓮ノ空お昼寝部,10.0,,1311,29229416710468.0
料亭さやかほ処,1.0,,1312,29090307800162.0
慈愛倶楽部,1.0,,1313,28987282221437.0
茅バール,6.0,,1314,28899461212295.0
蓮ノ平日,0.0,,1315,28876396129722.0
さーくる,0.0,,1316,28847761836247.0
ご自由に,1.0,,1317,28736719867139.0
お茶にしましょう,1.0,,1318,28726331880833.0
SoloCirc,0.0,,1319,28658988316286.0
サンクルミエール,0.0,,1320,28615890958761.0
ZECT,4.0,,1321,28569074679092.0
渋,0.0,,1322,28511759936490.0
わおわおの集い,0.0,,1323,28147710393444.0
うにくん,0.0,,1324,28107494609570.0
KGL!,2.0,,1325,28103425388676.0
サークル名,1.0,,1326,28094102483244.0
蓮ノ空計画,1.0,,1327,27980488295172.0
てんてこまい,0.0,,1328,27610355512983.0
蓮みん,2.0,,1329,27564182954396.0
サークル(個人),0.0,,1330,27538681847054.0
梢画伯工房(Фω,0.0,,1331,27481695735017.0
蓮を継ぐ者,2.0,,1332,27396934125739.0
大倉庫救助隊,7.0,,1333,27289601509974.0
な,1.0,,1334,27035801268310.0
霊使いリンクラ部,1.0,,1335,26887325162956.0
無言の行,2.0,,1336,26757677210644.0
蓮ノ空寝そ同好会,0.0,,1337,26617057913805.0
神と猫の集い,0.0,,1338,26436120682355.0
メ！メ！メ！グ♡,1.0,,1339,26241360015093.0
チーム満足,1.0,,1340,26214264107012.0
かぎっ娘クラブ,1.0,,1341,26154568279060.0
ミリしら蓮ノ空,1.0,,1342,26124684826047.0
忠南大學校,1.0,,1343,26086747219051.0
アトリエ,0.0,,1344,26041939392242.0
学級委員,1.0,,1345,25876328885528.0
お台場in金沢,1.0,,1346,25562482966048.0
音浦虹結蓮,1.0,,1347,25477246281158.0
蓮ノ空手芸部,0.0,,1348,25436408772437.0
蓮ノ空釣行部,2.0,,1349,25399464830837.0
FLAfを見る会,1.0,,1350,25398449502138.0
蓮女コップ研究会,0.0,,1351,25398203231626.0
ひとりぼっち,2.0,,1352,25370815434376.0
ドリームガーデン,1.0,,1353,25263486499408.0
オリー王,1.0,,1354,25096283196554.0
ソロソロそろーり,1.0,,1355,24970402648337.0
のんびりん,2.0,,1356,24821529367776.0
ガチ初心,1.0,,1357,24228747319534.0
モブモブ団,1.0,,1358,24147317079321.0
ゆったり同好会,7.0,,1359,24134898660303.0
一人用,2.0,,1360,24033425727320.0
フラワー(仮),2.0,,1361,24032993241927.0
イベント用円,1.0,,1362,23819928626977.0
ゴード！ド！ド！,1.0,,1363,23818091133554.0
スリブとまったり,11.0,,1364,23603948097011.0
やっぱリエラ,3.0,,1365,23464332754443.0
Lovenico,5.0,,1366,23202983541811.0
蓮ノ空女学院寮,0.0,,1367,23025723137209.0
徳島,1.0,,1368,23020081455010.0
Bigカツ同好会,1.0,,1369,22950733307915.0
WINS蓮ノ空,1.0,,1370,22740452775840.0
人見知りクラブ,0.0,,1371,22728783742640.0
(*´°`*),2.0,,1372,22375121058418.0
るりめぐ尊い,1.0,,1373,22360665292667.0
はらまき,1.0,,1374,22141650350264.0
黒猫の散歩道,1.0,,1375,21873005411753.0
さやさやびー,1.0,,1376,21541077856403.0
棄民の王,0.0,,1377,21465823855864.0
PiONA,2.0,,1378,21226586827884.0
スキマカゼ,0.0,,1379,21158853328703.0
みらぱ♡大三角,1.0,,1380,20750579078976.0
フレーズフルール,1.0,,1381,20294019419442.0
qq,1.0,,1382,20247394945639.0
はこおし,1.0,,1383,20246516101305.0
だんぼーる,0.0,,1384,20184948452387.0
目指すは上位帯,1.0,,1385,19957012928407.0
ぶたばこ,2.0,,1386,19833406034170.0
天才＝オレ,1.0,,1387,19748746855626.0
自由ノ空,1.0,,1388,19631083085965.0
同輩,0.0,,1389,19606441373682.0
蓮のソラ,0.0,,1390,19569317656036.0
きんかんなまなま,1.0,,1391,19452002792204.0
自由,6.0,,1392,19388880765849.0
J⚽x蓮サポ,0.0,,1393,19279055807169.0
蓮の花を見る会,1.0,,1394,19179415194038.0
強制弾かれ部位,2.0,,1395,19083051273430.0
放置少女,0.0,,1396,19015171281761.0
ふあああ,1.0,,1397,19011253177416.0
めぐ党韓国支部,3.0,,1398,18832096615349.0
ロタテオン,1.0,,1399,18823844210288.0
夕凪P極進会,0.0,,1400,18774905890338.0
玉狛第２,1.0,,1401,18726475785269.0
欲にまみれた梢,2.0,,1402,18537805674139.0
猿ノ空男学院,3.0,,1403,18344764333355.0
Hasucord,4.0,,1404,18247852415685.0
蓮ノ空好き！,1.0,,1405,18154787020708.0
シトラス,1.0,,1406,18048246200147.0
こたつ,0.0,,1407,18036261170654.0
さやかの村,0.0,,1408,17937144617828.0
筑波大ラ研,2.0,,1409,17922135231829.0
PizzaChi,0.0,,1410,17879373152393.0
指出と指出検地,1.0,,1411,17770118055522.0
楽しみ隊,1.0,,1412,17745366517141.0
Aqours推し,1.0,,1413,17743660093307.0
mud部,1.0,,1414,17579549021933.0
ツナガルソラ,2.0,,1415,17534896728411.0
異次元からの者,8.0,,1416,17529522237483.0
蓮ノ空を信じろ,3.0,,1417,17456136296165.0
朝雲,1.0,,1418,17436885517105.0
やめました,1.0,,1419,17319135273422.0
初心者サークル,2.0,,1420,17230238493059.0
しょしんしゃ,0.0,,1421,17194898092354.0
naoハル,2.0,,1422,17015420751348.0
さやかほ家系。,1.0,,1423,16972080685461.0
CANARiA,5.0,,1424,16938319889717.0
サークル名を入力,0.0,,1425,16922867338287.0
明星,1.0,,1426,16914774406876.0
鈍色の空,1.0,,1427,16902862852839.0
乙宗喫茶店,7.0,,1428,16736545655207.0
蓮とは,0.0,,1429,16525202527035.0
壁の向こう見隊,1.0,,1430,16380784967333.0
泥…ご期待下さい,1.0,,1431,16370885376167.0
ゆばーな同好会,1.0,,1432,16370816990785.0
アケフェスいくぜ,1.0,,1433,15781578395440.0
とんと,1.0,,1434,15759395202079.0
スローライフ,0.0,,1435,15719631965711.0
てきとー,1.0,,1436,15713874844547.0
こんにちわ〜,1.0,,1437,15687215169885.0
アルカディア号,0.0,,1438,15624986013706.0
綴理しか勝たん。,6.0,,1439,15503603734724.0
花うさぎ,3.0,,1440,15362040208515.0
417,2.0,,1441,15355323108108.0
蓮ノ休日党紅茶会,1.0,,1442,15334742324158.0
◯in段ボール,0.0,,1443,15290003021529.0
のちもたーズ,2.0,,1444,14865009110979.0
ブレイクスルー,1.0,,1445,14737609912390.0
蓮ノ空長野支部,1.0,,1446,14691518516559.0
蓮ノ空チア部,2.0,,1447,14533995554041.0
せーおた,0.0,,1448,14441637400970.0
さや弁食べたい,3.0,,1449,14348175794486.0
蓮ノ空百合同好会,0.0,,1450,14326308910471.0
さやと共に学び隊,1.0,,1451,14220646318350.0
上ノ空昼寝クラブ,1.0,,1452,14151753403107.0
ネオヴェネツィア,1.0,,1453,13939332162577.0
元乃木坂ヲタク,1.0,,1454,13720811436276.0
まったりゆったり,1.0,,1455,13577276073887.0
めぐにゃん懺悔室,1.0,,1456,13545095449875.0
ラ！の会,1.0,,1457,13538837902188.0
のんのん日和,9.0,,1458,13314145854735.0
アラフィフ,1.0,,1459,13144151188423.0
チシマザクラ,0.0,,1460,13030059363513.0
BRSMS,0.0,,1461,12883673207583.0
四高芸楽部,1.0,,1462,12814631059478.0
1500,0.0,,1463,12798123648148.0
気ままに,1.0,,1464,12779903898809.0
鯖の味噌煮定食,1.0,,1465,12739118446321.0
零協,0.0,,1466,12641526054303.0
気楽にプレイ中,0.0,,1467,12587361627177.0
ドルケ推し同好会,1.0,,1468,12466811196346.0
あむ,1.0,,1469,12439473168406.0
千の蓮,0.0,,1470,12355522734104.0
ｱｼﾞｭｰﾙ,1.0,,1471,12351998222848.0
SIDF,1.0,,1472,12326363342756.0
あなたちゃんズ,0.0,,1473,12261208513533.0
音ノ空工業学園,2.0,,1474,12004559539710.0
アクスタお供え場,1.0,,1475,11999364914422.0
ゆったり蓮ノ空部,0.0,,1476,11958165754876.0
スターライト学園,2.0,,1477,11922121950262.0
Sky,2.0,,1478,11869464079636.0
アイドル研究部,1.0,,1479,11651242998892.0
circle,1.0,,1480,11440878568909.0
吟!!蓮女塾,1.0,,1481,11313328082677.0
＿,0.0,,1482,11287681653778.0
限界オタク,2.0,,1483,11219680530722.0
なゆりーず,0.0,,1484,11215248431995.0
ペン回し同好会,0.0,,1485,11135907005487.0
自由にやります,3.0,,1486,10968466351762.0
Andante,0.0,,1487,10763463634289.0
ぼっちざ 3rd,0.0,,1488,10609680881462.0
ちくわ耳,1.0,,1489,10593040621567.0
一人サークル,0.0,,1490,10501273477929.0
黒猫の魔法使い,1.0,,1491,10482633171938.0
かんちゅけ親衛隊,1.0,,1492,10346029328860.0
HA,1.0,,1493,10314649687212.0
穂乃クロール,1.0,,1494,10296006025346.0
あんやとナス,1.0,,1495,9881105291546.0
さやかなた,1.0,,1496,9766835542500.0
自己中騎士団,1.0,,1497,9742204627151.0
Liella!,3.0,,1498,9269250494483.0
わちゃわちゃC,0.0,,1499,9241539414613.0
（仮）,0.0,,1500,9179200251288.0
晴れた日のベンチ,2.0,,1501,9150243730768.0
かりかりくん,0.0,,1502,9149260574529.0
℃！℉！度！,1.0,,1503,9122427167505.0
小林,1.0,,1504,9114589204996.0
くるくるポーズ,0.0,,1505,9091249381836.0
さっぱり塩ダレ,0.0,,1506,8980061005702.0
しゅうまつクラブ,2.0,,1507,8920246924257.0
適当に,2.0,,1508,8811334259198.0
ゆっくりよわよわ,2.0,,1509,8729985653494.0
自警団,1.0,,1510,8698581532536.0
綴理かわいい,0.0,,1511,8681726255614.0
こんめぐこんこず,2.0,,1512,8616685694135.0
蓮の空 応援,0.0,,1513,8507729401830.0
Treple T,2.0,,1514,8404954243037.0
くろけだま,0.0,,1515,8361696136716.0
アフター気になる,1.0,,1516,8326909730464.0
マンモクスン！,1.0,,1517,8313077174412.0
なんとかなる！,1.0,,1518,8299769900527.0
ズワイクラブ(仮,1.0,,1519,8276908605772.0
ゴリぶちクラブ,0.0,,1520,8167400816956.0
こずかほ最高,1.0,,1521,8073789481733.0
さーもん党。,0.0,,1522,7978664896430.0
百万石の命の鼓動,1.0,,1523,7896893004513.0
蓮アフタークラブ,3.0,,1524,7895234651345.0
Kimimin,2.0,,1525,7879870391855.0
ゆずいろ,0.0,,1526,7817164626800.0
ささいなサークル,0.0,,1527,7747426206382.0
シャウトラバーズ,1.0,,1528,7631880525901.0
アスクの村,0.0,,1529,7604296032192.0
リンクラ同好会,3.0,,1530,7534644259223.0
梢先輩しか勝たん,1.0,,1531,7405391106791.0
始めたばかりです,2.0,,1532,7372638951555.0
蓮ノ空の学食,1.0,,1533,7211809743102.0
さーくるりん,1.0,,1534,7170733850745.0
無所属,1.0,,1535,7084596816312.0
推しの笑顔が栄養,1.0,,1536,7056161521858.0
ジャンボリー,1.0,,1537,7026464581685.0
N国党,0.0,,1538,6996459236058.0
蓮空山岡家同好会,0.0,,1539,6944270600984.0
未来ガジェット部,1.0,,1540,6853099278016.0
ライグラ報酬集め,4.0,,1541,6811440246269.0
どうしようか,1.0,,1542,6770634546126.0
CB金沢支部,1.0,,1543,6693136638309.0
大好きをさけ部,1.0,,1544,6604255634396.0
蓮ノ空G's部,1.0,,1545,6590282426986.0
103期が最強,1.0,,1546,6570289618675.0
36,1.0,,1547,6569496086731.0
flower,1.0,,1548,6566718654076.0
裳抜けの殻,1.0,,1549,6550852400992.0
フジビュー,0.0,,1550,6516760534625.0
ぼっち,1.0,,1551,6455407742781.0
蓮ノ空登山部,1.0,,1552,6370022589943.0
仮,1.0,,1553,6267087936005.0
蓮沼,0.0,,1554,6264881926303.0
蓮ノ空いかだ部,1.0,,1555,6235074534764.0
ひよっこ,3.0,,1556,6196283969719.0
ひそかに,1.0,,1557,6126657463867.0
Ricebird,2.0,,1558,6078080285699.0
餃子の満州,0.0,,1559,6027358826077.0
蓮蓮蓮,0.0,,1560,5970823046534.0
愛トモの会,2.0,,1561,5948773013426.0
蓮ノ空保護者会,1.0,,1562,5942041446172.0
Liverの集い,1.0,,1563,5939350962009.0
弾幕系処理落ち,1.0,,1564,5936075371163.0
かほさんぽ,0.0,,1565,5816390697597.0
蓮之空学园同好会,3.0,,1566,5760122892744.0
ラブライバー,0.0,,1567,5757201083860.0
SRK組,2.0,,1568,5632177573976.0
秘密倶楽部,0.0,,1569,5583505674582.0
野村由美子,1.0,,1570,5534316264314.0
麺同好会,0.0,,1571,5424935357145.0
pixel,1.0,,1572,5419243969742.0
水彩世界は正座,6.0,,1573,5215191416048.0
ゆ,0.0,,1574,5194180516367.0
墓,0.0,,1575,5141426272812.0
楡井守護隊,0.0,,1576,5104027135243.0
陰のラブライバー,1.0,,1577,5034940269719.0
蓮の空自由人,0.0,,1578,5012466749838.0
金欠リンクラ部,1.0,,1579,4943390612700.0
EWS,1.0,,1580,4941515449703.0
コイコイクラブ,4.0,,1581,4846536781938.0
猫カフェ,1.0,,1582,4786017030668.0
アフターヘイブン,1.0,,1583,4759105399253.0
よろよろドンドン,1.0,,1584,4669361609460.0
キング観光柳橋店,1.0,,1585,4627968567756.0
家に猫がいます,8.0,,1586,4603045154268.0
目標1500位,3.0,,1587,4532139867477.0
さきほこれ,0.0,,1588,4492805444371.0
西木野赤マキ,0.0,,1589,4472123013157.0
向日葵が丘高校,0.0,,1590,4409268458094.0
まるさんかく,2.0,,1591,4401797706400.0
瑠璃乃推し大阪,2.0,,1592,4401257803317.0
0,0.0,,1593,4392948495167.0
いちご大福,1.0,,1594,4344595085130.0
フェディエルHL,1.0,,1595,4199579672954.0
蓮ノ空野外活動部,1.0,,1596,4156267281597.0
ドングリ同好会,1.0,,1597,4149392738069.0
私たち、輝き隊,2.0,,1598,4145225457654.0
squirrel,0.0,,1599,4139537815705.0
ふわふわたいむ,1.0,,1600,4129306881443.0
無言&出入り自由,6.0,,1601,4104347080111.0
大阪の帰宅部,0.0,,1602,4031293822536.0
サークル103,0.0,,1603,3967612340938.0
あまいのサークル,1.0,,1604,3942585967673.0
とりあえずの組,1.0,,1605,3916662605446.0
ラッキー徒町,1.0,,1606,3886675451700.0
グリモアの集い,1.0,,1607,3844292655539.0
咲く蓮の花,0.0,,1608,3804485117075.0
乙宗梢倶楽部,4.0,,1609,3786074994180.0
蓮ノ空鉄道研究会,4.0,,1610,3763599124092.0
アトラリンクラ部,0.0,,1611,3743785338805.0
おばんです,1.0,,1612,3713574040614.0
蓮ノ空TCG部,3.0,,1613,3709301070919.0
蓮ノ蓮,1.0,,1614,3703711761364.0
初心者向け,2.0,,1615,3641134350886.0
ミジん子,1.0,,1616,3607569574341.0
ABC,0.0,,1617,3562845475590.0
さや処札幌店,2.0,,1618,3558175421863.0
休日∞休日,0.0,,1619,3467527739603.0
蓮ノ空ＳＣ予定地,1.0,,1620,3460690091027.0
主体思想研究部,2.0,,1621,3424677660842.0
姫芽、さやか推し,0.0,,1622,3422353872145.0
きゃらめる,4.0,,1623,3409611929898.0
シングル,0.0,,1624,3384834881004.0
箱推し体質連盟,0.0,,1625,3380198117518.0
蓮ノ空旅行部,1.0,,1626,3364246714396.0
水曜日,0.0,,1627,3343812244062.0
お気楽亭,1.0,,1628,3324770225788.0
ハロめぐ党無言可,4.0,,1629,3313719285877.0
悠久,1.0,,1630,3278234273310.0
ただの百合好き,0.0,,1631,3264240935795.0
超初心者,1.0,,1632,3239976540701.0
蓮ノ空ダーツ部,2.0,,1633,3232354888960.0
ぺろぺ,0.0,,1634,3182565816213.0
After見たい,2.0,,1635,3178802510027.0
LttF亡霊,2.0,,1636,3130120615398.0
Tee,1.0,,1637,3113153456889.0
寝そべりクラブ,4.0,,1638,3109099960290.0
ねそ,0.0,,1639,3086196243232.0
ちぇすとー！,0.0,,1640,3084787638131.0
チーム清水LL,0.0,,1641,2992877576111.0
蓮ノ空クレープ部,1.0,,1642,2992738578062.0
つづさや親衛隊,5.0,,1643,2989929660073.0
HCSK寮,1.0,,1644,2982269034183.0
虹ノ空女学院,1.0,,1645,2980622396962.0
スリーズブーケ党,2.0,,1646,2966740459905.0
梢推し隊仙台支社,1.0,,1647,2962347778842.0
こずかほの花園,0.0,,1648,2918020052047.0
Solairis,1.0,,1649,2902213166960.0
蓮ノ空♪山百合会,1.0,,1650,2900601166502.0
長老連合,0.0,,1651,2890014058045.0
蓮の空ダイアモン,1.0,,1652,2883693053297.0
蓮ノ空城郭研究会,1.0,,1653,2880209921607.0
SOLAR,1.0,,1654,2879293416791.0
オケオケオッケー,0.0,,1655,2856687369087.0
ルビコン解放戦線,1.0,,1656,2815756864301.0
雰囲気プレイ部,1.0,,1657,2780921431284.0
粉骨砕身藤島慈,2.0,,1658,2758855807331.0
化身部,0.0,,1659,2691104787188.0
はっす,2.0,,1660,2670715657524.0
なんにもしらん,0.0,,1661,2625070401792.0
ぼっち丸,1.0,,1662,2619272157799.0
放課後リンクラ部,4.0,,1663,2613018790697.0
アルナシエン,1.0,,1664,2612591223498.0
skier,1.0,,1665,2593832760004.0
FC.RaNa,1.0,,1666,2580998759580.0
蓮ノ空SIクラブ,0.0,,1667,2572556400324.0
ちぇす党♪,0.0,,1668,2557213368631.0
アフター用,0.0,,1669,2537252075852.0
ノットドドド,0.0,,1670,2534767999397.0
どこか入っとき隊,1.0,,1671,2492401046055.0
だっぷとサークル,1.0,,1672,2481135193218.0
トキメキ同好会♡,1.0,,1673,2474994901780.0
3724,1.0,,1674,2464235048465.0
蓮女労働組合,0.0,,1675,2447388624872.0
蓮ノ庭,0.0,,1676,2426883461430.0
浮かれポンチ部,0.0,,1677,2420523755126.0
スリーズブーケ,1.0,,1678,2336070510308.0
梢吟子党,1.0,,1679,2249812053832.0
冥いゆりかご,0.0,,1680,2233727583153.0
のんびりリンクラ,2.0,,1681,2214656954782.0
初心者です,0.0,,1682,2200064331806.0
泥人の沼,0.0,,1683,2194192139776.0
自由庭園,0.0,,1684,2188054769046.0
さやかの水着,2.0,,1685,2097627577741.0
サークルK,0.0,,1686,2077263849576.0
じゆうだぁー,0.0,,1687,2045667530969.0
◯◯サークル,1.0,,1688,2037653503231.0
FLA見るクラブ,1.0,,1689,2017143634734.0
ちゅけの輪っか,1.0,,1690,2009327640344.0
あるはらぱーく！,0.0,,1691,2001993385526.0
折紙物語,0.0,,1692,1991627929964.0
今泉総本舗,1.0,,1693,1988544837440.0
蓮ノ空同好会☆,2.0,,1694,1981804095996.0
帰宅部,1.0,,1695,1958002605096.0
ぽいぽい,0.0,,1696,1866269553008.0
旭化成,1.0,,1697,1829190911388.0
エンバイロメント,0.0,,1698,1786527120740.0
セラスを護る会,1.0,,1699,1736284952917.0
デスティニー,1.0,,1700,1731742289730.0
ラベルレベル,2.0,,1701,1644753154023.0
梢ノ茶,0.0,,1702,1640172585232.0
自分用(８字少な,0.0,,1703,1562861188173.0
月下ノ宵闇,3.0,,1704,1534701657899.0
蓮ノ空女子部,3.0,,1705,1510428499680.0
蓮信クラブ,1.0,,1706,1504726442255.0
音浦虹結蓮進学会,1.0,,1707,1490062589210.0
ごみ箱,1.0,,1708,1456466681985.0
コーヒー慈ルク,0.0,,1709,1396607437611.0
ごまどうふ島,0.0,,1710,1392137796643.0
Flow'Lov,1.0,,1711,1385899639335.0
EN▶こ.こ.こ,5.0,,1712,1351642472752.0
Bloomy!,0.0,,1713,1349683669899.0
goko,0.0,,1714,1266876851175.0
人参養栄湯,1.0,,1715,1256784546531.0
Legato,0.0,,1716,1223781990418.0
とりあ,0.0,,1717,1216698577260.0
リンクラ同好会✿,2.0,,1718,1193798512439.0
円都流氓,1.0,,1719,1159524241614.0
まめ,1.0,,1720,1158756038461.0
アークス兼任,0.0,,1721,1152394401359.0
シンカーン,0.0,,1722,1143734704844.0
かほめぐなのかも,1.0,,1723,1135418635861.0
蓮ライブ！,0.0,,1724,1124240914510.0
満足同盟,0.0,,1725,1112486587863.0
青いサファイヤ,1.0,,1726,1097505551598.0
酔うソロ～,0.0,,1727,1083677231777.0
。,2.0,,1728,1056299454582.0
青い苺,2.0,,1729,1053550822896.0
自由なめぐ党さん,0.0,,1730,1023988586953.0
ラナンキュラスズ,1.0,,1731,1016580007446.0
おうぞうす,1.0,,1732,1005458907887.0
ヒトリダケナンテ,2.0,,1733,997929506794.0
一心L教,1.0,,1734,976815102678.0
らーめん食べたい,2.0,,1735,963932073211.0
綴俺誇,0.0,,1736,941834884382.0
とんこつ醤油,0.0,,1737,922260000571.0
Fuhua,0.0,,1738,915880173075.0
個人サークル,1.0,,1739,912242225149.0
蓮ノ空社畜クラブ,0.0,,1740,910229767571.0
プレミアム人形,0.0,,1741,890656245004.0
桜坂しずく同好会,3.0,,1742,884782307868.0
ソロです。,1.0,,1743,884216983731.0
がんばルビィ！,1.0,,1744,879184222448.0
つづさや過激派,1.0,,1745,873969733294.0
つがみか,1.0,,1746,855145606438.0
小彗星,1.0,,1747,836758656551.0
イベントの為,1.0,,1748,835945049351.0
毎日蓮を応援宗,1.0,,1749,833803694124.0
カワウソ小屋,3.0,,1750,801549234584.0
ゆる〜く活動,1.0,,1751,793494611691.0
ネギトロクラブ,2.0,,1752,784619440635.0
ポケカ,1.0,,1753,768642089393.0
スマイル,1.0,,1754,757189269692.0
蓮ノ空観測衛星,2.0,,1755,739086804099.0
ねむねむ,1.0,,1756,738689364649.0
ひゃくまん穀,2.0,,1757,728908770782.0
蓮ノ空ソロ活部,1.0,,1758,723106539941.0
明日ノ空,1.0,,1759,708064749273.0
サークルネーム,1.0,,1760,702242561777.0
梢先輩を愛でる会,0.0,,1761,699618195363.0
ランジュのおごり,1.0,,1762,690979671494.0
村野村長単騎駆,0.0,,1763,690924962702.0
泥です,1.0,,1764,680744088418.0
陰のリンクラ支部,2.0,,1765,670902757913.0
私の部屋,0.0,,1766,669235377842.0
チーム無言,1.0,,1767,666753194818.0
蓮ノ空出遅れ組,1.0,,1768,661131521786.0
愛を込めて花束を,1.0,,1769,658687757462.0
和梨好き倶楽部,1.0,,1770,650913885435.0
めぐ推し,0.0,,1771,637118022277.0
まるいものが好き,1.0,,1772,636017659028.0
老人ホームス,1.0,,1773,630519289181.0
さやか推し,1.0,,1774,625569454809.0
毎日がホリデー,0.0,,1775,624451883018.0
イキヅライ部！,1.0,,1776,615927837168.0
(_ _).｡o,1.0,,1777,597505896792.0
金沢ノドグロ,0.0,,1778,590115587013.0
地下結社めぐ党会,0.0,,1779,570134127515.0
第七ギョーザ,1.0,,1780,557171113627.0
新世界,0.0,,1781,553625793503.0
うぇるかむ,3.0,,1782,550227586750.0
蓮ノ空芸学高専,1.0,,1783,542615452163.0
みらくらすこ,0.0,,1784,518839797067.0
ぬぬぬ,0.0,,1785,514163519332.0
カニカマかまたょ,1.0,,1786,512314122555.0
かほ姉の集い,1.0,,1787,511829662328.0
メグノタメニ,1.0,,1788,502436428001.0
この青空に約束を,1.0,,1789,501511934595.0
ロト6,1.0,,1790,499821482403.0
あずき,1.0,,1791,487558817837.0
クローズド,1.0,,1792,478175103195.0
エレメンタル,1.0,,1793,476358650268.0
花鳥風月,1.0,,1794,463861953204.0
ナナシ,1.0,,1795,460230652886.0
リンクラトゥーン,1.0,,1796,455386400269.0
はなじょ,1.0,,1797,445132258741.0
サークルサークル,1.0,,1798,433702109179.0
のんきな学院生達,0.0,,1799,430540654491.0
！,1.0,,1800,430434675513.0
利根支所,1.0,,1801,425674610810.0
蓮ノ彼方,1.0,,1802,424144590244.0
ビギナーズ,4.0,,1803,411304352336.0
蓮ノ空伝統工芸部,0.0,,1804,402431160557.0
【株】おになっつ,1.0,,1805,402006519099.0
村野好き好きクラ,0.0,,1806,401047359322.0
にゃんおうこく,0.0,,1807,383987551779.0
蓮ノ空サークル,0.0,,1808,381975000700.0
マッスル梢,0.0,,1809,361862716225.0
なし,0.0,,1810,352343611255.0
testing,1.0,,1811,343512204173.0
チョコを食え,0.0,,1812,342868077471.0
学園愛弗同好会,30.0,,1813,339696138106.0
高音質世界混沌,4.0,,1814,335431234189.0
無言で自由に,4.0,,1815,327717832284.0
solitude,2.0,,1816,326772123074.0
ngn,0.0,,1817,325821375477.0
緩りと,1.0,,1818,323547234898.0
福音のめぐレシア,0.0,,1819,322622805765.0
こんにちは,1.0,,1820,318133413182.0
蓮ノ空大阪分校,1.0,,1821,317956017723.0
道の駅蓮ノ空,2.0,,1822,313119122836.0
マルマルサーウル,1.0,,1823,312675308029.0
蓮ノ空大好き部,1.0,,1824,312213821442.0
リユニオン,0.0,,1825,302334199153.0
ひとり！,1.0,,1826,301099241736.0
ラブライブ初心者,1.0,,1827,299060990927.0
蓮ノ空女子野球部,1.0,,1828,295118803667.0
mimin,1.0,,1829,289538301607.0
ミジンコ倶楽部,1.0,,1830,268831152407.0
私だけのサークル,1.0,,1831,264034793736.0
オーシア,2.0,,1832,254865837003.0
やる気ナッシング,0.0,,1833,244775237878.0
マターリ進行,1.0,,1834,242632789250.0
花咲か花帆さん＊,1.0,,1835,238479784798.0
てふてふ,1.0,,1836,228892146527.0
ららら,1.0,,1837,226646573515.0
ウミウシさん,1.0,,1838,220689791881.0
金沢おでん,1.0,,1839,214809284773.0
鼓風　金沢支部,2.0,,1840,207126984052.0
ハス,0.0,,1841,205304392102.0
test,3.0,,1842,201509658850.0
Leave me,1.0,,1843,201091779261.0
Be-ko,1.0,,1844,200028195396.0
とうばんじゃん,0.0,,1845,199317445064.0
ゆるり,2.0,,1846,197472205513.0
蓮ノ空 応援団,0.0,,1847,193897251360.0
もこもこ,0.0,,1848,193226499405.0
日本めぐ党,2.0,,1849,192075975295.0
どうでしょう,0.0,,1850,189470188738.0
牧場,1.0,,1851,184524407929.0
音ノ星ヶ丘女学院,1.0,,1852,184502700312.0
空,2.0,,1853,182912820256.0
ワイのサークル,0.0,,1854,182009272025.0
蓮ノ空情報処理部,1.0,,1855,177201919089.0
参加賞同好会,1.0,,1856,175357245150.0
Mysks,0.0,,1857,174722540761.0
れーざー,0.0,,1858,173409303132.0
松任工場を偲ぶ会,1.0,,1859,172128871984.0
ヒノチタカバディ,2.0,,1860,170216330678.0
聖地になる前巡礼,2.0,,1861,167965038153.0
RYO,1.0,,1862,160199544545.0
愛おしきかな,1.0,,1863,159043477983.0
すいみん部,1.0,,1864,157095963658.0
金沢調教センター,1.0,,1865,154774256005.0
Number_i,0.0,,1866,154268204245.0
ねそべり同好会,0.0,,1867,152071017310.0
仮開設,1.0,,1868,146616106983.0
瑠璃わらの一味,1.0,,1869,146251658532.0
株主総会はちくま,0.0,,1870,145471067808.0
自由活動クラブ,1.0,,1871,141236076462.0
アーリーアクセス,0.0,,1872,140227778597.0
手がすき,2.0,,1873,140044798115.0
チェス党,2.0,,1874,139445913054.0
探検公社金沢支部,1.0,,1875,139136536570.0
第3げいのーか。,1.0,,1876,137354268097.0
iLiFE!,2.0,,1877,137230138800.0
すくすてむずかし,0.0,,1878,137061818931.0
Library,0.0,,1879,136917901465.0
Cysqua,0.0,,1880,136693507799.0
みらくるすぱーく,0.0,,1881,135395562507.0
マグナムクラブ,1.0,,1882,132526654345.0
うにょーん,1.0,,1883,132355359231.0
第２１７施設大隊,1.0,,1884,131079131004.0
蓮ノ空の隅っこ,1.0,,1885,130985895101.0
料亭さや処沼津店,1.0,,1886,129651997418.0
蓮ノ空紅梅部,1.0,,1887,129418316278.0
下手くその会,0.0,,1888,127890619957.0
ふたえのきままに,1.0,,1889,125655029423.0
放課後鯵フライ部,0.0,,1890,121645491805.0
灰流うらら,1.0,,1891,120746285501.0
fullmoon,2.0,,1892,120143831019.0
秘境,0.0,,1893,119586339078.0
徒町後援会,1.0,,1894,116918299166.0
蓮ノ空武蔵野支部,2.0,,1895,115701737255.0
めぐ党群馬支部,1.0,,1896,115405783217.0
綴理推し集まれ！,1.0,,1897,113661955357.0
泥人形,1.0,,1898,113351918088.0
のんちゅ警察署,2.0,,1899,112904689972.0
蓮女「ぷりずん」,0.0,,1900,112477934978.0
スキップ連打部屋,0.0,,1901,111374258363.0
AirLotus,2.0,,1902,111183101119.0
深谷家,1.0,,1903,110843380827.0
蓮応援宮古支部,0.0,,1904,110828236368.0
部室のニワトリ。,1.0,,1905,110279061099.0
ちょこけーき,1.0,,1906,109386055735.0
ヲタレンジャー！,2.0,,1907,104995022993.0
にぇ,0.0,,1908,104618400848.0
ぼっち屋,0.0,,1909,104590362354.0
伝統を守ろう,1.0,,1910,102809940129.0
特に無し,0.0,,1911,102697357972.0
かほかほさやさや,0.0,,1912,100642213625.0
参加賞がほしい,0.0,,1913,100236218056.0
みらくら教,0.0,,1914,99398052516.0
ログボ勢,0.0,,1915,96210432551.0
Syk,1.0,,1916,96079944708.0
蓮ノ空デュエル部,1.0,,1917,95072590734.0
ジブラルタル教団,0.0,,1918,94376658943.0
にんじん畑,0.0,,1919,93617926274.0
ねこねこにゃー,0.0,,1920,93483521080.0
♡♡,3.0,,1921,93465124333.0
LOVE,0.0,,1922,89141895039.0
やる気なく無気力,3.0,,1923,87685365339.0
蓮ノ空推し愛好会,0.0,,1924,86763873678.0
スリブ応援,1.0,,1925,86717186887.0
蓮ノ空広報部,1.0,,1926,86436622355.0
ドーナツサークル,0.0,,1927,85983837172.0
りんごのあめ,1.0,,1928,85975428018.0
ツナガルラボ,0.0,,1929,85555880697.0
にするか,2.0,,1930,85199747944.0
（＾◇＾）,0.0,,1931,84991536606.0
kita,0.0,,1932,84567379607.0
誰でも大好き,0.0,,1933,82890658096.0
蓮ノ空SI同好会,0.0,,1934,82066556975.0
退避,2.0,,1935,79198004666.0
五十音,1.0,,1936,78841937422.0
たぶん続けます,1.0,,1937,78195340479.0
スクフェス残党,1.0,,1938,77947681749.0
流転,0.0,,1939,77898963329.0
花陽ちゃん,2.0,,1940,77746759206.0
居酒屋けんちゃん,0.0,,1941,77137502300.0
にゃー!!!,0.0,,1942,76948527768.0
自由に遊ぼう,2.0,,1943,76450608472.0
さやかの靴下,1.0,,1944,75200319459.0
丑美津高校SI部,0.0,,1945,72446277411.0
自由気まま,0.0,,1946,72207245835.0
気まぐれ部,1.0,,1947,72070462001.0
ゆるケストラ部,0.0,,1948,71808548158.0
ビーハイヴ,0.0,,1949,71661545612.0
そらまめ,0.0,,1950,69980392102.0
ドリームワールド,0.0,,1951,68373035404.0
蓮蓮クラブ,0.0,,1952,67777542329.0
gg,0.0,,1953,67183850282.0
サークル加入用,0.0,,1954,67113924233.0
泥ノ底男塾,1.0,,1955,66792925753.0
孤独の要塞,0.0,,1956,65844627704.0
はくしらさん,0.0,,1957,65717023937.0
無課金こそ全て,0.0,,1958,65287176911.0
養分,2.0,,1959,65059596509.0
カキフライーズ,1.0,,1960,64397728106.0
完全ソロ陽,0.0,,1961,63979169135.0
新全人類兎化計画,0.0,,1962,63880294895.0
月月火水木金金,1.0,,1963,63183394010.0
気ままにサークル,0.0,,1964,63167770595.0
ナゴラバ,0.0,,1965,62960681025.0
蓮ノ空Lotus,0.0,,1966,62660414523.0
さくらから蓮,0.0,,1967,62377248234.0
エクスグラム,0.0,,1968,60993714153.0
団子,0.0,,1969,59920953277.0
フリーダムな蓮,0.0,,1970,59838202813.0
さかばんばすぴす,0.0,,1971,59576555762.0
かわうそクラブ,1.0,,1972,58763210665.0
お味噌汁,0.0,,1973,58491309556.0
国際グルメ機関,1.0,,1974,57783937533.0
はろめぐー,0.0,,1975,57469864066.0
めぐ党集会,1.0,,1976,57378284206.0
217,0.0,,1977,56831210961.0
板橋末っ子の会,0.0,,1978,56564201549.0
村はずれ訓練場,1.0,,1979,56380558939.0
蓮ノ食堂,0.0,,1980,56324384200.0
アイラ•ムー,1.0,,1981,55945963185.0
のんびりや,2.0,,1982,55832763100.0
さやカーディガン,1.0,,1983,55593154245.0
機械さん,0.0,,1984,55328864266.0
ドルケ観察日記,0.0,,1985,55185670226.0
DAISUKE,1.0,,1986,55033826128.0
イベに参加したい,0.0,,1987,53477607241.0
まったりサー,1.0,,1988,51880778306.0
どんばる同盟,0.0,,1989,51763121042.0
オオユウ,1.0,,1990,51693696774.0
ファイトクラブ,0.0,,1991,51400678187.0
東城会直系堂島組,1.0,,1992,51012446362.0
北東地方,1.0,,1993,50830755411.0
めぐ待機室,0.0,,1994,49746176302.0
さやか推しの会,1.0,,1995,49644787469.0
GADリンクラ店,1.0,,1996,49439482560.0
スクステ沼津支部,0.0,,1997,48587091028.0
碧,2.0,,1998,48561787082.0
刀使ノ巫女,0.0,,1999,48023378634.0
初奈大人的狗窩,1.0,,2000,47663673820.0
ばんちゃん組,0.0,,2001,47399953055.0
夕焼け帰宅部,1.0,,2002,47174223495.0
鉄製ダンボール,1.0,,2003,47145136455.0
蓮空,0.0,,2004,45999833067.0
纏組,0.0,,2005,45789352279.0
サークル(骨),1.0,,2006,45761805854.0
むすび丸１世,0.0,,2007,45706535723.0
ドンと来いだよ！,0.0,,2008,44870179788.0
兎のヘアクリップ,1.0,,2009,44811678871.0
梢先輩に踏まれ隊,0.0,,2010,44428782121.0
AZUNAランド,1.0,,2011,44263683377.0
リンクラ遊部,1.0,,2012,44117656435.0
蓮スパスパクラブ,1.0,,2013,43794724400.0
みらぱ党,1.0,,2014,43760110594.0
ヤサガラス党,1.0,,2015,43734743668.0
孤独,1.0,,2016,43399373806.0
@L1nks,2.0,,2017,43335489267.0
北陸製菓ビーバー,0.0,,2018,42896983719.0
GREEN,1.0,,2019,42838497672.0
壁際族,0.0,,2020,42613333216.0
765蓮ノ空支部,0.0,,2021,42467928039.0
茅葺き屋根の家,0.0,,2022,42354874612.0
地方から応援,0.0,,2023,42298592211.0
Lotus.S,0.0,,2024,42156467980.0
蓮を食べる,0.0,,2025,41984300771.0
いぬ小屋,1.0,,2026,41800268991.0
link-er,0.0,,2027,41712327114.0
春樹ングダム,1.0,,2028,41204410376.0
ミッションの為,0.0,,2029,41103036860.0
南十字星を望む島,0.0,,2030,40687769683.0
♥野中に夢中♥,0.0,,2031,40577363712.0
なんとなく,1.0,,2032,39860744982.0
蓮ノ空お絵描き部,1.0,,2033,39421187948.0
めぐ党 千葉支部,0.0,,2034,39332633643.0
アバン団,1.0,,2035,39271873978.0
結晶世界,1.0,,2036,39247382264.0
さ,1.0,,2037,39093170092.0
シオンさんの部屋,0.0,,2038,38989116076.0
謎部,0.0,,2039,37937912000.0
北陸広域鉄道部,1.0,,2040,37866882802.0
そろそろ,2.0,,2041,37838218556.0
ひよこニキ,1.0,,2042,37758395797.0
ふ〜ねちゃん,2.0,,2043,37660720613.0
蓮ノ空城,1.0,,2044,37557468542.0
雪デ音無,0.0,,2045,37488863454.0
蓮之空中国分院,1.0,,2046,37301947075.0
ふーる,0.0,,2047,37111684880.0
花苺,0.0,,2048,37045740496.0
工務店,1.0,,2049,36432709954.0
スリブファン,1.0,,2050,36317196530.0
ハスハスしてきた,0.0,,2051,35957436006.0
◯◯◯待機室,1.0,,2052,35469246263.0
一人ですけど。,0.0,,2053,35340393129.0
のんびりスペース,0.0,,2054,35222691834.0
ちょ,1.0,,2055,34843747094.0
もけさんず,0.0,,2056,34671268577.0
りえらー,0.0,,2057,34608831209.0
名無し,0.0,,2058,34540571625.0
あいりん会,0.0,,2059,34114763633.0
花帆推しクラブ！,0.0,,2060,34090183829.0
蓮ノ空帰宅部,2.0,,2061,33996124251.0
ロストグラウンド,0.0,,2062,33662513486.0
ちぇす党,0.0,,2063,32907132451.0
練習中,0.0,,2064,32641170586.0
いながな,1.0,,2065,32632714208.0
蓮ノ空天文同好会,0.0,,2066,32499047217.0
とび爆ぜっ,0.0,,2067,32442655333.0
smile,2.0,,2068,32265017020.0
めぐルリ好き,0.0,,2069,32143983472.0
音乃木坂学院,1.0,,2070,32053917636.0
DCSSSDC,1.0,,2071,31978869246.0
COMPS,0.0,,2072,31893616277.0
あくあ好き好きc,0.0,,2073,31842172916.0
劇団旗あげ(仮),0.0,,2074,31726633263.0
せーので茄子ノ空,1.0,,2075,31530328986.0
猫の額,1.0,,2076,31521442205.0
Orenge,1.0,,2077,31341492284.0
職員室,1.0,,2078,31275173106.0
蓮乃空,0.0,,2079,31219227981.0
デイリー消化,0.0,,2080,31193892501.0
翠,0.0,,2081,31074108139.0
北鉄バス,1.0,,2082,30905494475.0
おにぎり,1.0,,2083,30612953461.0
墓場,1.0,,2084,30240625382.0
まったりさーくる,0.0,,2085,30195012463.0
無課金,1.0,,2086,29777463062.0
そろりそろり,1.0,,2087,29550932341.0
生きててえらい,1.0,,2088,29204559159.0
劇団蓮ノ空,1.0,,2089,29169790579.0
Ive,0.0,,2090,28825797194.0
ほ,0.0,,2091,28809493282.0
泥中ノ蓮,0.0,,2092,28449899284.0
ああああああ,1.0,,2093,28380367862.0
100年経っても,1.0,,2094,28108582051.0
てすと,0.0,,2095,27927763374.0
蒼壁の艦隊,1.0,,2096,27870930318.0
ノワール,0.0,,2097,27691348038.0
硝子の花園,1.0,,2098,27572030070.0
得意になる途中,0.0,,2099,27402578492.0
English!,1.0,,2100,27153965942.0
蓮ノ空京急同好会,1.0,,2101,27131622277.0
とくになし,0.0,,2102,26818194459.0
白糸台,1.0,,2103,26774832528.0
コッペ組,4.0,,2104,26733614705.0
スタート,0.0,,2105,26629930369.0
こずかほ〜,0.0,,2106,26601910169.0
RR軍,1.0,,2107,26591717851.0
蓮ノ空MTG部,0.0,,2108,26024685311.0
LL_EN,0.0,,2109,25346305863.0
東奏学園愛弗部,2.0,,2110,25246865279.0
ゴクリンコ,0.0,,2111,25205614433.0
ねこ！！,1.0,,2112,25200441536.0
朝食はごはん派,1.0,,2113,25103177724.0
琴子大好きクラブ,0.0,,2114,24928717509.0
ログイン,1.0,,2115,24795806887.0
咕咕王国,1.0,,2116,24732687390.0
ポタリング部,1.0,,2117,24553452302.0
まかろん,0.0,,2118,24414408652.0
ゆっくり,0.0,,2119,24307380318.0
銀河にねがいを,1.0,,2120,24258575870.0
アフターのために,1.0,,2121,24245745949.0
へのじサークル,0.0,,2122,23936393383.0
上海交大偶研院,1.0,,2123,23797476936.0
bco,1.0,,2124,23775602596.0
自由への翼,0.0,,2125,23751693914.0
北の辱め,1.0,,2126,23733321976.0
283プロ金沢,1.0,,2127,23668140626.0
びぎなーずらっく,0.0,,2128,23641757459.0
にゃんにゃん,2.0,,2129,23490205940.0
猫屋さん,0.0,,2130,23416585914.0
メカりきゃこ,0.0,,2131,23314893592.0
蓮の日常,2.0,,2132,23249082623.0
αβγδε,0.0,,2133,23173851790.0
無言加入OK！,0.0,,2134,23155177263.0
デカルト,0.0,,2135,23106537266.0
リンクルスター,0.0,,2136,22805460539.0
あなたの傘,0.0,,2137,22733110971.0
週７ログイン目標,1.0,,2138,22727599436.0
Aの為,0.0,,2139,22679564128.0
蓮ノ空教職員組合,2.0,,2140,22597520411.0
自由にリンクラ部,0.0,,2141,22396784259.0
毎日がホリデイ！,1.0,,2142,22388280515.0
明墨法律事務所,1.0,,2143,22370330794.0
関東野菜連合,1.0,,2144,22329022150.0
蓮ノ空寝そべり部,0.0,,2145,22254327184.0
ですわのよ亭,1.0,,2146,22254290899.0
蓮スキー犬,0.0,,2147,22243890952.0
風媒花,1.0,,2148,22145471414.0
fyyy,0.0,,2149,21987224608.0
とし,0.0,,2150,21957162531.0
お試し中,0.0,,2151,21910753714.0
中日ドラゴンズ,0.0,,2152,21672382467.0
綴沙耶,1.0,,2153,21529995640.0
推活日和,1.0,,2154,21440122101.0
集,0.0,,2155,21436802774.0
新生ネオ・ジオン,1.0,,2156,21411565638.0
蓬ノ空女学院,0.0,,2157,21388347012.0
スクスタ難民,1.0,,2158,21378243268.0
サークルSRE,1.0,,2159,21057100208.0
ぬん,1.0,,2160,20809151252.0
ウイスキー,0.0,,2161,20737030207.0
シナモロール,0.0,,2162,20655187439.0
ORDER,2.0,,2163,20593249422.0
素敵な暇人の会,1.0,,2164,20485666397.0
閑古鳥,1.0,,2165,20327026765.0
かんこな大好き！,0.0,,2166,20067381708.0
何かを斬る羊羹,1.0,,2167,19969310329.0
流しそうめん部,0.0,,2168,19731009573.0
蓮ノ空水族館,0.0,,2169,19730350605.0
お散歩アイス,0.0,,2170,19690897864.0
女性声優分科会,2.0,,2171,19442356041.0
あくありうむ,1.0,,2172,19294883229.0
いのりまち,1.0,,2173,19282990219.0
Yohane,0.0,,2174,19248892416.0
サイバトロン,0.0,,2175,19202969321.0
Polaris,1.0,,2176,18878047866.0
北上山岳会,0.0,,2177,18641983401.0
シュンのサークル,0.0,,2178,18590989083.0
ハスのそらクラブ,1.0,,2179,18464616028.0
こずかほ尊い,2.0,,2180,18265810915.0
KL,1.0,,2181,18206963640.0
綴理先輩と梢先輩,1.0,,2182,18184298093.0
ナオリンクラ,0.0,,2183,18137294785.0
沼ノ底学園,1.0,,2184,18122591740.0
はすはす,1.0,,2185,18044137410.0
AC LLL,0.0,,2186,18032171859.0
急いでない。,0.0,,2187,17848197805.0
橙色ノ空,1.0,,2188,17733901555.0
♡るりこず♡,0.0,,2189,17546806080.0
イベ用,1.0,,2190,17529950861.0
Px67,0.0,,2191,17491955568.0
白いご飯,1.0,,2192,17380661984.0
N.K@,1.0,,2193,17318934787.0
諜報員ROM専部,2.0,,2194,17193913145.0
蓮ノ空数学部,0.0,,2195,16989646423.0
リンクラ愛好会,2.0,,2196,16857089634.0
こっこくらぶ,0.0,,2197,16720300287.0
ハナタバウリバ,1.0,,2198,16712642816.0
勉強中,1.0,,2199,16711512668.0
ゆるゆるり,1.0,,2200,16615481668.0
酒好き好きクラブ,0.0,,2201,16533049855.0
囲碁サッカー部,0.0,,2202,16464909285.0
ソロお試し,1.0,,2203,16437026814.0
蓮の空同好会,0.0,,2204,16260178643.0
Tsuzu○,0.0,,2205,16247419039.0
隨緣努力^▽^,0.0,,2206,16150970165.0
蓮ノ沼海浜公園,1.0,,2207,16095509213.0
蓮ノ空提督同好会,1.0,,2208,15953186362.0
迷待機室,1.0,,2209,15819995135.0
村野同盟,0.0,,2210,15532099355.0
ふんわりクラブ,0.0,,2211,15526139444.0
△○仮,0.0,,2212,15232244940.0
蓮っ派,1.0,,2213,15077313859.0
蓮ノツバサ,1.0,,2214,15054868125.0
さやか部,0.0,,2215,15048382642.0
梢先輩を見守り隊,0.0,,2216,15034308211.0
十六野村,1.0,,2217,14995498336.0
新ソウル高速,0.0,,2218,14907924813.0
超内輪,1.0,,2219,14726603725.0
LL同好会,1.0,,2220,14650722558.0
ドルケポーター,1.0,,2221,14523761701.0
迷宮Orion,1.0,,2222,14154211247.0
かちまち好き部,1.0,,2223,14107250572.0
Yurina,0.0,,2224,14062633999.0
猫の部屋,1.0,,2225,13993480208.0
株式会社:大沢,0.0,,2226,13963195701.0
COAT,1.0,,2227,13816125208.0
ブラックロータス,0.0,,2228,13666862596.0
マッタリくらぶ,1.0,,2229,13637030963.0
蓮友会,0.0,,2230,13610363260.0
蓮ノ空女学院分校,2.0,,2231,13524023618.0
1人,1.0,,2232,13488546919.0
自由空間,1.0,,2233,13488190489.0
ちゃちゃニャんこ,1.0,,2234,13485401534.0
鼓門(仮),0.0,,2235,13331791476.0
カリスマワールド,0.0,,2236,13203235919.0
自由気ままに,2.0,,2237,13165685667.0
青空の蓮ノ空,1.0,,2238,12864942108.0
NG蓮ノ空部,1.0,,2239,12860826326.0
しいやのサークル,0.0,,2240,12852063371.0
まる　チーム,0.0,,2241,12757156909.0
どうなんのすみっ,0.0,,2242,12747751438.0
蓮女ふぁいおー,0.0,,2243,12626512084.0
こくてつコンテナ,0.0,,2244,12543355106.0
ゆったりまったり,0.0,,2245,12347734818.0
OYJ!!!,0.0,,2246,12315034319.0
ボッチ,1.0,,2247,12254911200.0
おきらく,0.0,,2248,12227629829.0
株キモ第二支店,1.0,,2249,12209312839.0
金沢ゲマ保存会,1.0,,2250,12138853125.0
ソロ専用,0.0,,2251,12100076813.0
ガンバ大阪蓮ノ空,0.0,,2252,12046859130.0
かしこいかわいい,1.0,,2253,12027026709.0
マーサ,1.0,,2254,11916763703.0
ことヨハランすみ,0.0,,2255,11895826765.0
さや推し☆,1.0,,2256,11894714683.0
蓮ノ空すこすこ部,0.0,,2257,11865602989.0
めぐ可愛い,1.0,,2258,11823532336.0
244,1.0,,2259,11751634091.0
隙間から猫,1.0,,2260,11580345129.0
☆☆☆,0.0,,2261,11577604753.0
能京カバディ部,1.0,,2262,11544613550.0
梢中國同好會,2.0,,2263,11402557533.0
蓮女応援有志部,1.0,,2264,11235025862.0
フラワー協同組合,2.0,,2265,11200914756.0
エンブリオン,1.0,,2266,11176996649.0
憤怒と激怒の会,1.0,,2267,11154962606.0
ふらいぱん,1.0,,2268,10914984068.0
アスカーラ倶楽部,0.0,,2269,10832402122.0
茶房 瑞蓮庵,0.0,,2270,10758127806.0
ぶりしゃぶ,1.0,,2271,10629309829.0
きゅうり,1.0,,2272,10611102452.0
ハルカ,1.0,,2273,10575585638.0
YRSリンクラ部,0.0,,2274,10454048540.0
にわとり心臓,0.0,,2275,10421018625.0
ルビィ,0.0,,2276,10309342524.0
百合,1.0,,2277,10292964700.0
はすの,1.0,,2278,10048620333.0
秘密結社ナニトゾ,0.0,,2279,9908390324.0
Real.,0.0,,2280,9824907098.0
徒町の一発ギャグ,1.0,,2281,9806192096.0
リンクラ頑張る部,1.0,,2282,9645014513.0
越国,0.0,,2283,9397343624.0
レウレリア,1.0,,2284,9330776128.0
Lv.2,0.0,,2285,9260930011.0
真鍮の真心,0.0,,2286,9221595071.0
つぶあんおはぎ,0.0,,2287,9192265400.0
さすらい,0.0,,2288,9163892618.0
そろそろソロ,1.0,,2289,9110010424.0
石川県立図書館,0.0,,2290,8998461765.0
清掃美化委員会,0.0,,2291,8991284664.0
かまぼこ,1.0,,2292,8950272342.0
仲良しクラブ,0.0,,2293,8949930288.0
カボチャのプリン,1.0,,2294,8936310080.0
rnfakd,0.0,,2295,8931154030.0
緊急テレポート,1.0,,2296,8878261132.0
「単騎」,1.0,,2297,8872374587.0
努力未来乙宗梢,0.0,,2298,8785213663.0
サークル14,1.0,,2299,8781735679.0
ヨーブン,0.0,,2300,8714785104.0
ホワイトロリータ,1.0,,2301,8560974929.0
どうでしょう!,0.0,,2302,8556259079.0
ぼちぼち,1.0,,2303,8498043978.0
ジャマテグ,1.0,,2304,8469325004.0
箱推し紳士,0.0,,2305,8411464810.0
好き好き泥クラブ,0.0,,2306,8382527322.0
究極戦刃,1.0,,2307,8356466439.0
ゲーミング姫芽,0.0,,2308,8110964714.0
テキ・トゥー,1.0,,2309,8094756985.0
どんぐり,0.0,,2310,8070001870.0
猫の惑星,0.0,,2311,7897552466.0
ロンド・ベル,1.0,,2312,7897054677.0
遊佐の会,1.0,,2313,7827581968.0
オレンジピール,1.0,,2314,7771066709.0
アレ,1.0,,2315,7726945331.0
蓮勢,1.0,,2316,7698475568.0
憧れのアイドル,1.0,,2317,7627384177.0
バースデー料理部,1.0,,2318,7545361483.0
corolla,1.0,,2319,7448802759.0
ゆるふわ系,0.0,,2320,7435150501.0
蓮之空傳統舞蹈部,1.0,,2321,7419950241.0
好きに自由に,1.0,,2322,7406959417.0
オーガポン愛好会,0.0,,2323,7362723100.0
みらぱ可愛い講座,1.0,,2324,7286430427.0
どんたく蓮ノ空店,0.0,,2325,7200520794.0
ちぬーれん,1.0,,2326,7155331480.0
蓮ノ空連合,1.0,,2327,7154936202.0
さや処,1.0,,2328,7077670603.0
私のリンクラ！,0.0,,2329,6914653695.0
き,0.0,,2330,6878713414.0
、,1.0,,2331,6870959330.0
n-notes,1.0,,2332,6830822627.0
鳥もも塩だれ定食,1.0,,2333,6795161095.0
蓮ノ海寮(仮),0.0,,2334,6716856793.0
りんりんりん,1.0,,2335,6680046413.0
たいやき,1.0,,2336,6605070652.0
みらくら倶楽部,1.0,,2337,6583623485.0
兎の髪留め同好会,1.0,,2338,6531746587.0
イ尔女馬,0.0,,2339,6485332116.0
てすと（仮）,0.0,,2340,6435519432.0
ユージェネ,0.0,,2341,6397732229.0
masafumi,1.0,,2342,6368835063.0
ふたばみつば,1.0,,2343,6319791057.0
レッドショルダー,1.0,,2344,6274349964.0
蓮の空,1.0,,2345,6255642722.0
つづりのおでん,0.0,,2346,6120283852.0
B-LAGOON,0.0,,2347,6113764517.0
頑張る人は美しい,1.0,,2348,6080249757.0
函館聖泉金沢支部,0.0,,2349,6008387286.0
寝るるん滞在記,1.0,,2350,5944441508.0
ドロノモノズ,1.0,,2351,5936544545.0
DOLくらブーケ,1.0,,2352,5909700084.0
グラム,1.0,,2353,5875720752.0
おさ屋,0.0,,2354,5799107493.0
蓮っ子ポケモン部,0.0,,2355,5784321873.0
畜群,0.0,,2356,5776406661.0
めぐ党静岡支部,1.0,,2357,5759534058.0
金沢市民の会,0.0,,2358,5758205662.0
一人親方,1.0,,2359,5735560431.0
うみべの隠れ家,0.0,,2360,5727689581.0
アイドル陪,1.0,,2361,5683766139.0
いべほちよ(仮),1.0,,2362,5636770126.0
てぇてぇ,1.0,,2363,5524843055.0
1人用,1.0,,2364,5505937962.0
国道ハンターズ,0.0,,2365,5502762364.0
蓮ノ空漢塾☆,1.0,,2366,5479871673.0
ONE,1.0,,2367,5476757208.0
tcybars,0.0,,2368,5434478183.0
蓮ノ空支部,0.0,,2369,5408648042.0
推せる時に推そう,1.0,,2370,5374876729.0
蓮空好好アニクラ,1.0,,2371,5313052682.0
スクステ同好会④,1.0,,2372,5311363347.0
みらぱ同好会,1.0,,2373,5271456486.0
初,1.0,,2374,5170659390.0
ラ！お絵かき部！,1.0,,2375,5151344878.0
まるまるする会,0.0,,2376,5125559268.0
蓮ノ空教務支援室,1.0,,2377,5110429957.0
tmp,0.0,,2378,5103087111.0
村野村の友好都市,0.0,,2379,5092107994.0
つづり観察隊,0.0,,2380,5087539929.0
嘿蝦為奸,2.0,,2381,4923419539.0
気楽サークル,0.0,,2382,4874230357.0
くるくる,1.0,,2383,4777481831.0
For Fun,0.0,,2384,4694681746.0
クリームソーダ,1.0,,2385,4689606291.0
銀座に志かわ,1.0,,2386,4657291868.0
建前,1.0,,2387,4619071480.0
蓮ノ事好きクラブ,0.0,,2388,4554751289.0
ツールド蓮ノ空,1.0,,2389,4552117528.0
乙宗梢推し隊,1.0,,2390,4488591820.0
こずかほ血盟軍,0.0,,2391,4374488600.0
石川事変,1.0,,2392,4361968918.0
御徒町,0.0,,2393,4340529340.0
蓮ノ空⊿6,2.0,,2394,4302885178.0
hshs,1.0,,2395,4298978432.0
OO,1.0,,2396,4289388016.0
ちょーさん団,0.0,,2397,4228258873.0
負け犬の路地裏,0.0,,2398,4173484510.0
おやすみ部,0.0,,2399,4173481130.0
ラブライブ大好き,1.0,,2400,4027324261.0
ハナマルの世界,0.0,,2401,4003550254.0
Hibiki,0.0,,2402,3990123556.0
つづこずめぐすき,0.0,,2403,3962377724.0
ザ・マイペース派,1.0,,2404,3890897722.0
おにっ子,1.0,,2405,3874180444.0
YRP,0.0,,2406,3863401394.0
あにまるサークル,1.0,,2407,3800471608.0
手賀沼蓮再生祈念,1.0,,2408,3682776381.0
碧陽學院,1.0,,2409,3672353721.0
RDS,1.0,,2410,3671823746.0
絢瀬の城,0.0,,2411,3604461363.0
村野さやかFC,1.0,,2412,3587465921.0
炎之阳分部,0.0,,2413,3585925198.0
極限流空手部,1.0,,2414,3529687052.0
^..^♩,0.0,,2415,3482499403.0
無言でテキトーに,0.0,,2416,3415399541.0
ハスノラウンジ,1.0,,2417,3410945076.0
ミルク王国内灘,1.0,,2418,3398977542.0
ソロ参加,0.0,,2419,3392922517.0
テステスト,1.0,,2420,3363488584.0
217find,0.0,,2421,3355686719.0
ちぇぇすとぉぉぉ,0.0,,2422,3269169681.0
蓮沼のドロゴン,1.0,,2423,3240028184.0
コスモワールド,1.0,,2424,3208653970.0
乙宗梢を推す会,0.0,,2425,3203517144.0
蓮ノ空エレガンス,0.0,,2426,3194146633.0
インプレッション,0.0,,2427,3129756483.0
プライズ,1.0,,2428,3122260478.0
のんびり応援隊,1.0,,2429,3039333810.0
リン活,1.0,,2430,3034045699.0
春日影,1.0,,2431,3027652495.0
低levサ,1.0,,2432,3020330310.0
綴理さや小鈴,1.0,,2433,3014334696.0
超新星めぐ党民,0.0,,2434,3009922718.0
蓮ノ空金サワ支部,1.0,,2435,2938497690.0
ハス見習い,1.0,,2436,2884291342.0
深い眠りの花,0.0,,2437,2881763916.0
.,1.0,,2438,2797863736.0
クロハス,1.0,,2439,2739257829.0
わ,0.0,,2440,2734840325.0
ういっすういっす,2.0,,2441,2726864713.0
ジャングルだぁ,1.0,,2442,2700341534.0
藻,1.0,,2443,2667521507.0
蓮の空ポニテ部,1.0,,2444,2622700685.0
蓮蓮人中国同好会,0.0,,2445,2616805108.0
村野弁当,1.0,,2446,2565221169.0
pcomm,0.0,,2447,2524254918.0
ぬ,1.0,,2448,2454547530.0
チェスト,1.0,,2449,2447926096.0
みんなでライ部♪,0.0,,2450,2442569693.0
東成会,0.0,,2451,2423124432.0
なんとなく勢,1.0,,2452,2375785435.0
低電力モードの会,0.0,,2453,2355709186.0
ラウドロック好き,1.0,,2454,2346134807.0
じゃんけん同好会,0.0,,2455,2317921526.0
スプーン一杯,1.0,,2456,2310427801.0
雨、太陽、風,0.0,,2457,2307496225.0
MIY4 F4M,1.0,,2458,2304339704.0
頑張る！,0.0,,2459,2303157246.0
夜民,1.0,,2460,2293805120.0
青二プロ,1.0,,2461,2237670114.0
好きになってみる,1.0,,2462,2184315155.0
かふぇ　はすそら,0.0,,2463,2181690489.0
飯山線アイドル,0.0,,2464,2159321676.0
いずみっくらぶ,1.0,,2465,2153171226.0
コモリクラブ,1.0,,2466,2104460354.0
紅風紀ソロ,1.0,,2467,2101222286.0
第三銀河,0.0,,2468,2084499238.0
遅咲きのヒマワリ,1.0,,2469,2022907059.0
ロータス,0.0,,2470,1968904478.0
愛蓮言,1.0,,2471,1959732068.0
影ノ休日,1.0,,2472,1949813283.0
立体パズル愛好会,1.0,,2473,1940197567.0
一人部屋,0.0,,2474,1934224048.0
みのくらぱーく！,1.0,,2475,1934215242.0
Lotus！,1.0,,2476,1920504256.0
ドルケス鑑賞隊,1.0,,2477,1903031251.0
わからん,1.0,,2478,1902340204.0
めぐ党　社畜の会,1.0,,2479,1845615098.0
蓮好き好き,1.0,,2480,1844801771.0
蓮ノ空幼稚園,1.0,,2481,1809207186.0
しまっしま,0.0,,2482,1745746831.0
サンプル,0.0,,2483,1709428841.0
徒町好き町,1.0,,2484,1683462611.0
私用,1.0,,2485,1673239677.0
バター,0.0,,2486,1671488504.0
武道iDOL,1.0,,2487,1664133669.0
蓮の空スククラ,1.0,,2488,1616447576.0
まったり～部,1.0,,2489,1592862298.0
クルクル,0.0,,2490,1590650593.0
_,1.0,,2491,1569352391.0
ココロの旅,1.0,,2492,1548950018.0
エンジョイ,1.0,,2493,1529636935.0
ひとりくらぶ,0.0,,2494,1525680656.0
さやかほ推し,0.0,,2495,1513919655.0
あなたのサークル,1.0,,2496,1449362842.0
加賀鳶 吟醸梅酒,1.0,,2497,1425364803.0
おさかなサークル,1.0,,2498,1410731264.0
めぐかほ団寄宿舎,1.0,,2499,1362474146.0
ヤッホーKAHO,1.0,,2500,1355679615.0
夕方五重奏団,2.0,,2501,1346575626.0
鯊鯊森林,1.0,,2502,1284323830.0
みらくら部,0.0,,2503,1195368468.0
哲学者議会,0.0,,2504,1180004826.0
こまサークル,1.0,,2505,1169858490.0
石川の女神,1.0,,2506,1116509947.0
スクステ休憩室,1.0,,2507,1059681285.0
全国水平社,0.0,,2508,1044643987.0
かにかにサークル,1.0,,2509,1042848707.0
蓮ノ調,1.0,,2510,989751025.0
チョコ食べ放題,1.0,,2511,977150086.0
☆村野さやか☆,1.0,,2512,958793133.0
YKT,1.0,,2513,952515678.0
来栖りんりん,1.0,,2514,948366991.0
シャニソン,1.0,,2515,946706785.0
お気楽まったり,1.0,,2516,937819416.0
セレたんず,1.0,,2517,898699609.0
宇宙人いるのかな,1.0,,2518,896239014.0
リンクラクラブ,1.0,,2519,867463543.0
TEST173,1.0,,2520,824586252.0
ボクの赤と緑,1.0,,2521,818241577.0
はろめぐ,2.0,,2522,805286947.0
夜空,1.0,,2523,781720721.0
蓮女爆喰い気絶部,1.0,,2524,778790311.0
インクラサークル,1.0,,2525,778647018.0
蓮の空北海道支部,1.0,,2526,775130679.0
♡,2.0,,2527,738343473.0
トキメキ欠乏症,0.0,,2528,718286876.0
edm,1.0,,2529,716878004.0
Ho.,1.0,,2530,684088071.0
プロデューサー達,1.0,,2531,681414367.0
∑ー〇Z,1.0,,2532,672181657.0
うんまきゃ,1.0,,2533,657406703.0
105期生,1.0,,2534,641806774.0
さかな,1.0,,2535,640381209.0
ゆるゆる団,1.0,,2536,634751873.0
初心者です。,1.0,,2537,625693648.0
ワイワイ,1.0,,2538,617697756.0
メグミ会,1.0,,2539,605678593.0
GF,1.0,,2540,602915113.0
ぼっちえんゔぃー,1.0,,2541,601298818.0
うに,1.0,,2542,560347205.0
ドルケをすこれ,1.0,,2543,535540078.0
Doll.ENG,1.0,,2544,471038850.0
ゆるくまったり,1.0,,2545,460234111.0
ひー,1.0,,2546,440602218.0
思瑠璃故有瑠璃,1.0,,2547,437652077.0
ko/ko/,1.0,,2548,435636110.0
花帆護(過保護),1.0,,2549,423997535.0
檻,1.0,,2550,401565996.0
お　ま　た　せ,1.0,,2551,378479527.0
とりあえず作成,1.0,,2552,367564368.0
蓮は尊いんじゃ,1.0,,2553,358803275.0
異次元たまり場,1.0,,2554,350777228.0
新党カクメイ,1.0,,2555,332926583.0
毛玉,0.0,,2556,330960631.0
あした天気になれ,1.0,,2557,313471456.0
(◦˙▽˙◦),1.0,,2558,313423632.0
めぐちゃん激甘党,1.0,,2559,312553484.0
団子より花宮,1.0,,2560,309289344.0
ドドド黒龍剣,1.0,,2561,301190361.0
よこ,1.0,,2562,266864965.0
ねるえもーん！,1.0,,2563,264068014.0
empty,1.0,,2564,252232082.0
深海水族館,1.0,,2565,247315175.0
鳩さんサークル,0.0,,2566,224582844.0
ゆる蓮応援隊,1.0,,2567,219061819.0
9038gang,1.0,,2568,215311266.0
わくわくクラブ,1.0,,2569,190213723.0
はすはすのそら,0.0,,2570,187876059.0
ドリームチーム,1.0,,2571,169407846.0
とーふの個人用,1.0,,2572,164736720.0
うわの空,1.0,,2573,139647370.0
楽しいが1番,0.0,,2574,131696267.0
やがて蓮になる,1.0,,2575,128626769.0
vista愛好会,1.0,,2576,119640058.0
卍阿闍梨卍,1.0,,2577,115225050.0
HPB,1.0,,2578,114678743.0
はすかわ。,1.0,,2579,113819441.0
soro,1.0,,2580,108464081.0
ボンゴレ,1.0,,2581,92732625.0
海猫亭,1.0,,2582,71521084.0
虹信同好会,1.0,,2583,64377213.0
さとしくん,1.0,,2584,51494846.0
昼寝部,1.0,,2585,51105448.0
トライトン,1.0,,2586,45005796.0
花帆うさき最高,1.0,,2587,17227214.0
こや,1.0,,2588,15345463.0
蓮同好会V,1.0,,2589,2683030.0
神聖りよりよ帝国,1.0,,2590,2334329.0
ねこ,1.0,,2591,436471.0
ライグラゴミゲー,0.0,,2592,17546.0
--_--,1.0,,2593,0.0
弓張学園美術部,1.0,,2594,0.0
金沢@愛知支部,1.0,,2595,0.0
蓮ノ空Cubs,1.0,,2596,0.0
(空白),,,2597,
