行标签,求和项:数量,求和项:point,公会名
总计,18754,1478612413779626496,
BKLW6CR5L,30,33657485795237876,Mix鮭の空!!
EYN9H9N16,30,31092473508272928,蓮すきすきクラブ
VW65MCVF8,29,26428968453728272,スリスリーズ
MAJT0THVB,29,26311875308137448,眩耀夜行
FVJFA973A,29,24800924731945340,蓮ノ空愛好会
YE7CX8RNP,29,22162765320557020,能京カバディ部
M5LHG6R4T,30,20443880353090608,乙宗動物園
PBRDPWEY1,30,19108619559073928,村村会
11FB0EDDT,28,18946426814697632,スクステ同好会
49AMYCXCD,30,18563370814306532,ルドベキア
RFYKY8DCD,30,18268554949069780,LA.LA.LA
GXR6C85BT,30,18157135959895768,花帆ちゃん親衛隊
25PMPEMG7,30,17534613881629312,星見プロ
(空白),1714,16641394671256568,
1BME38BCD,30,15832662679150036,さすさやクラブ
0UT59MJ8U,30,15758759808718784,かほすこ同好会
WN5B7VKPU,29,15575889462799020,きんぴられんこん
11XTEEEJT,28,14199146319470468,リンクラ料理部
0TKFF5EG3,29,14107200715843784,サークル名募集中
HBUK6F7CC,30,14070944474889084,乙宗梢なりきり部
B5V2LNN43,29,13785245780551190,WMW
RWARTHA1M,28,13663561858421820,乙宗梢大好き部
YCTM6RYDP,26,13141583012527860,金沢おでん同好会
X7C21B7H7,30,12700253592842508,泥
D5A2EEG7F,30,11784110941144120,わたくしは大丈部
KW0RM1LEP,30,11436427032696616,はすっこくらぶ
79C17CHA2,30,11355444649905652,蓮ノ空出張部
494DMR1RJ,28,11001006673922648,蓮ノ空推し活部
W26TRPM1R,29,10647312958714210,めぐ党藤島派
FC8NBAJBT,28,10491790435365740,ラー麺二郎金沢店
W3YKKRWHG,26,10432126602793548,ルリと愉快な一家
V4A5MP41E,29,9771880047734196,徒町チャレンジ！
FK5MUK0ET,20,9514115352809214,くる♡すきクラブ
V6DV6KETG,30,9113746003431380,梢好き好きクラブ
CTW8DKV5P,30,8631315303187158,まったり
BCJRMHE75,29,8572494598105999,梢すきすきクラブ
6XX7GBM0K,28,8537331364612987,ぷちぐる同好会
JDAG79TG7,29,8238372793175620,百合ノ空観察部
JTX1G19BP,29,8145437871451832,さやかほ癒し会
CV62FGL1U,30,7571373140876458,花咲かせ隊
KT4C59NXG,26,7546115583680236,めぐ島
CX967RTGY,26,7409634452424977,おんゆあさーくる
DH6C5B7WF,26,7382221724248825,蓮ノ空FC
1DU9LCND7,30,7334588832609804,蓮ノ空すこやか部
Y2R7E79U3,28,7111191475750134,カワウソ同好会
G59NGM0XA,29,7094943633140951,シュリーレン
D7H8MN2U4,29,7087097426881030,LLD
R181MKNX1,25,7086915663889791,みらくらは人生！
4XRHRYDW4,30,7044463262922736,無言でエンジョイ
HBM31HMUY,30,6869800956813307,YUKIZURI
7XH3K4GBT,30,6849607056666430,LLP
8R49BTWW6,29,6822686665558345,蓮女お嬢様クラブ
J8HXTJ8TB,30,6802781689033310,流し素麺同好会
J7N4W6Y1K,30,6758360393958719,こずミックラブ♡
R1RM3X0WV,29,6734570445829785,後方腕組みオタク
YFADYJVW4,24,6707416090503921,FPS好きクラブ
48BTAPMBG,29,6667660810779667,蓮ノ空魔術部
998H940YN,28,6627249399394136,お嬢様筋トレ部
GKR9TEBYC,30,6469489651569310,毎日がホリデイ♪
7R8NKPAB1,29,6440402234913346,花帆推し倶楽部
HBK6KCRPP,30,6392452977326627,無言でおけ
2ULM366U6,29,6339212951386154,毎日がエブリデイ
73CBYJYB0,22,6300599144626750,"oNM,"
Y2HV0YEF7,29,6233089655405743,蓮ノ空を応援し隊
L15B25270,29,6220824840624691,蓮女マネージャー
V26546K3D,27,6197002339996385,乙宗気合筋肉
CM5THHYHB,29,5956686321792995,「」ノ空だけれど
2NY9H8BR9,29,5885630284673094,乙宗紅茶館
GMEF2K8DL,29,5538405437128758,花咲く泥も好き²
9GDHWXGVG,25,5529547280242623,ルリと花咲く毎日
GVT61ATX0,27,5417674349828787,なのだけれど
N8L41JAA7,30,5369108817013805,無言 ノルマなし
J800VVPTN,26,5298440733405943,Aqours
F2CFWVMY9,24,5183168067447134,藤島め組
JE7V5MM31,29,5134374252347388,蓮ノ沼に沈んだ泥
8JMW9G2XW,29,5102102345739444,僕らのリンクラ！
FH7G62PKW,27,5055368107691941,月火水木金土日
9YM3DBTB7,27,4997731850540564,泥民館
7U20138DB,29,4913553403004132,LGP
GVY1F8C9D,27,4825980046905580,花咲くラブライ部
WTJV514G9,23,4814962254947250,蓮ノ空のお弁当屋
WX1DYC9Y1,24,4774473750678324,ラナンキュラス
NMT63RUDV,23,4748509908115472,泥村
PDMPF3VVV,29,4730688713508626,r/LL
KND3T7056,23,4703048352252053,ぽかぽかモガの村
F8MLHU2NV,26,4638528165053574,乙宗梢様､､､
6045Y2RW7,27,4594632754207673,ポチっと！蓮ノ空
KXU941RFJ,28,4564007563458581,るりめぐ……。
FG5VFFNRK,29,4538576160162887,蓮ノ空おじさん
AXG81GPMP,28,4480223334185465,蓮ノ空マタギ部
FE282F3VH,28,4342521026367033,天悶部
CXG25026E,23,4320353075552150,泥のみんなS
RHU8M5VUL,27,4272777223073156,幼馴染同好会
K8C99H42D,28,4228499080389013,ルリと喜ド！愛楽
NC2YT2V28,24,4170110681120726,蓮之愛同予者何人
ABALH0AL3,29,4148136379748854,楽園計画
WHWT61ELR,29,4142074554928935,【無言】ハスノソ
BH244Y5H0,12,4086040664576208,休暇建設協会
3BDTCERX6,18,4022633690097221,打ち返した流れ星
07JW71HWG,28,4003439572283491,良いチケで観よう
HWJ8XPW0T,26,3968578194913580,箱推しなのだけど
N2KCENRKH,28,3923924058604319,猫＆旅大好き部
9JTF508LB,30,3903239565660113,スクスタ亡霊部
N1DJVPGP8,28,3885350757977230,いつでも咲けるよ
N0EXH1CM1,26,3816882041377115,ぱちぱち徒町
RF5215M2U,29,3763574965601963,スクステ同好会②
M8LEKM6U4,30,3743127317950763,ルリめぐ
K4TAHF9YA,22,3722988520104222,はすっこ準備室
8M6UDX260,24,3722214079092723,ぽけもん好き
X34LWGL6R,21,3679873928398403,サークル2
Y6JNPC60C,29,3664289965815472,綴理メイト
GPKTRBCTT,28,3537587586648391,騎空団蓮ノ空支部
PLBBEX019,22,3371229864305496,視聴覚室目指し隊
R9T0YKDW8,25,3283752227195791,かちまち応援隊
VP0K6KF0K,28,3253782460637730,蓮ノ空大好き!!
L3NN1RWMY,26,3245304404917414,アポロベイ海賊団
946GHDWF2,29,3239147923910322,まったりハスら～
5W8RPRVUA,25,3230955831276183,ド！ド！泥！
YD2XWWFA4,28,3224884532237249,蓮好き好きクラブ
PPAHU1TNY,30,3114997333336044,蓮ノ空のんびり部
5KK3DFY18,21,3002904040371981,MUGEN∞
MTBP3B4GM,24,2968852804046063,ふらわーすきすき
KULVP7FDR,25,2949378505835682,アニマル分室
YDYH4VRRP,26,2946099610579727,レンクウ
N752V1LD6,14,2880620063511023,思想の溜まり場
05KN1RR3U,27,2876717527388007,さやかほ花卉園
AG9PKMMC3,26,2842031077305959,ぱかぱか同好会
HWMV33W7Y,28,2798488669459209,フラワー泥民館
4RY75CKM4,26,2760787835968706,LLすこ部　メ募
919XF8V2V,25,2718958856087544,蓮之空大三腳
BKUHCT7WF,21,2702357915035463,蓮女お嬢様部
HMBW9DXY2,30,2667676810839756,蓮好き皆あつまれ
UYCT3Y4JK,27,2666954438127755,蓮っ子
DFXN9DB2H,25,2652659364936683,どんぐり共和国
V6VCA0C4N,29,2633207292606227,ドル家の『D』
3HDDYR4FU,27,2580694773026267,旅人
L28X4MDJN,28,2564857091793181,アフター観たいぞ
0MF6U6UPK,24,2544793740424520,あなたなら大丈部
DKNHY5HH6,27,2522397155472218,なす料理研究会
N7GLY2RUW,23,2514991107895278,百生銀行
MVMP6NNXD,26,2391605185741065,空き時間らくがき
JA2C658FW,27,2375724503363228,さや綴理の村人
FTY0R8KPH,20,2333349899895383,泥の皆様
GW4CH70HK,28,2291995976480635,TKG同好会
73N4AB3LR,22,2279755763627418,かほ子のイオン
2DYYAPFVN,28,2279620067331363,蓮っ子村
T045NDKW0,29,2248614246983872,♬さやか愛好会♬
B2KV0EVPD,22,2239266749576909,蓮ちゅきクラブ
XE8513HNP,29,2216546561251057,喫茶カワウ空✨
51CF1LTGY,15,2204072531265703,ラ研連合
9DKR4Y2CJ,28,2174644441603396,蓮ノ空老人会
3A63DYH54,26,2165132407942423,LLすこすこ部
J0N1E3Y09,29,2164020540244577,月火水木金土日
KBJ2P8T0Y,29,2160622636907118,人見知りの集い
NA8FEYN0M,30,2155325094252855,蓮ノ空飲酒クラブ
GN1798YEX,24,2140262218054297,ド!ド!同好会
9FF5JBNDF,25,2134689479230443,めぐすきクラブ
LUDNM40F8,29,2127630628264690,ふくふく無言OK
414CEUPEH,18,2119928640819291,アフター見よう！
38KAJGDGU,26,2103668614149375,異次元シャニP
9VVUHVLTK,11,2096435496999448,はすのひよこ
WAT20PN3Y,25,2065060247369060,こな党
4FXPC55PY,20,2018347562859906,PPIHクラブ
RXXUPMWB9,26,1977987747381207,待機室跡地観測所
3BE2RELRC,24,1942439148193029,見晴台
EECF9C0N3,28,1935719745942654,蓮ノ空　茨城分校
573J1JVVK,29,1924354945401374,かほかほ
6H800PBV7,16,1883513628099599,新鮮館
M8FM7P139,24,1877687681186760,蓮ノ空ひとり旅部
0CEA9XFKR,27,1845842292945799,蓮ノ空の泥人会
V7768X8AC,29,1844907954697142,せーので！
AND13836G,30,1840056036134011,乙宗梢親衛隊
AWFDLJ1HC,20,1834935697901574,小蓮花（重生版x
0XUV5025C,17,1815012150467796,めぐめぐバブり隊
11KVGWXAK,26,1798095218733846,藤島幼稚園蓮組
TK9E1BB1P,25,1796668424783471,無言で自由
AE3L01V24,26,1791373597680275,LOVEミラクラ
M6UPWJ6DU,22,1789739336302966,蓮結ぶ虹と星の音
MUXWTW1GV,28,1779544906894149,蓮の空見守り隊
2KJ2UEC3P,15,1776666709656742,蓮ノ空端末欠損部
72J5PWU5K,17,1769625216116735,ライグラ待機室
G0WRCNRWK,20,1755935303648904,県立沢庵図書館
LY0XPW7NL,20,1737594798067088,元カノ概念強火派
8FR866PRY,22,1736414115434171,蓮っ子みらくラブ
2B97MH4YA,2,1728426408701322,同じ話し何回も…
43HRXMXWA,30,1725106446333522,無言OKクラブ
L1VGJTD5P,29,1707983637293483,蓮ノ空お茶会部
KFC62L0FV,22,1696909615556337,ねるねる同好会
NG47YWRR1,15,1681091914095769,繚乱！蓮ノ空
G0J2F9NAL,28,1667454060158116,さやさやさーくる
D1YHB0B1A,16,1640500818914877,BWO
EPWMMAXNY,11,1635473806433152,蓮ちゃん初心者
BT22M41DV,29,1630442655567739,梢花帆吟子同好会
V33FGRFC4,25,1613615969479754,1限目に遅刻ラブ
424NLTEE8,24,1607295919473540,無言な異次元部屋
4WWM4VVDK,21,1598231795765116,蓮ノ空遊戯開発部
H837E0M9R,18,1595840266766772,沙知先輩大好き部
KXB93FVTR,28,1544237993158778,フラワーガーデン
ABU58EVJ2,17,1521832655573025,Quatuor
WFPA7YJE1,24,1519926379566209,蓮ノ空文芸部
GUB0YLPWA,19,1516300809552794,料亭「さち処」
06DCWC1RE,27,1497588647809439,とりあえず参戦用
9YG7C0VM7,27,1492487704540409,綴理と無言で昼寝
9UKKACGDU,26,1481373713893715,蓮っ子CLUB
90U18712V,7,1462519618311068,大野お台場公園
NT2KU5174,25,1445017027852241,こずかほ。
UVN7G4X3A,12,1423923700131539,闇のルビィ団
31A7JKC69,25,1405171758289849,蓮好きの巣窟
2JVBK752G,22,1399974294934356,卍愛蓮説卍
TKVR3KU7L,24,1390733336685683,ネギトロTKG
H0DV3JJGA,26,1388340263237740,かほさやてぇてぇ
AGJ215YND,22,1387005231449478,蓮の空中國分校
3AD3RR3XV,19,1381896386274925,のんちゅけ同好会
T8X0G07YB,22,1381708968871059,なければ立てる！
DMDVHGFUG,24,1366366258671531,インドネシア仲間
VN1LXEHLR,18,1361455989300906,綴理、愛
ATB27G5P2,24,1359960697267540,おこめ茶寮
BH9YH1YL5,8,1352331842119440,ラブライバーの森
UHF5Y8PEF,25,1323601708884983,さやちゃん倶楽部
N1JM7M3YC,13,1304393887986402,丘側
K25DPPGT9,27,1299249503662166,圧倒的にまったり
H6JWBBGCG,15,1296798782239956,蓮天・乙宗一心流
X87KNX4N3,26,1285571544938574,蓮ノ流星群
LHXNEF3D5,24,1281267281791056,まるまるサークル
BELCUYCMH,26,1266710619040945,蓮hkg香港分部
0DT3GEJ6C,23,1265242670245407,BBF 金沢支社
5V9TDD4NF,14,1243927424065404,みんはや蓮ノ空部
Y2P9LABR2,18,1239846728568478,スクステ同好会③
25GGTDGKC,30,1226118252976810,雨宿りの小鳥たち
M67ACEP3M,16,1218388533279504,オーバーブースト
TBX7N9RK5,18,1210408948331213,つよつよなLH
VNEY6C9BE,28,1192530937828263,スリーマーメイド
865UE9UC6,26,1183840547077677,蓮ノ空うどん部
3FF3NB77X,21,1183690428281369,せーはす愛好会
NJBBTCY3A,6,1180718396930031,かにかに！
HKETDDCK6,28,1179904257064372,ぼっちざ蓮!!
FMKP92LRL,21,1174210774524877,目が霞む人達
0B4LPDY69,1,1166964353306633,巣〜極楽〜
LT9K2FP23,21,1156799204645724,いな民リンクラ部
8P39YRA1L,8,1156538336213895,慈と愉快な仲間達
JVUNVCT8P,15,1156487424123007,梢先輩のASMR
BT3GEWM5L,24,1151189241517375,ささやか村の集い
YNR28303K,26,1132686335125388,りんくらぶ
F56XEUUBE,21,1132236781218013,みらくら自習室
R9TC4WP0R,16,1127752770149219,はんぺん同好会
WLFW6UCX5,27,1119830846869336,無敵級ビリーバー
85D411XNB,16,1111755103830315,蓮っ子の集い
8MLVA67AK,17,1109107743872946,聖ミリオン女学園
CVJYALRGU,3,1108370444195252,ラ！の会
V8XX999F6,25,1105547087275439,卍蓮村幼稚園卍
C8A9CTB34,11,1087705563864242,蓮ノ空山岡家部
95TAREFPT,28,1085253801518731,ご自由にどうぞ
NB0HX9KP8,23,1085122040304090,かほてぃあん
6FWRD1K40,27,1074672402377945,いちじょ海賊団
0B8RTHY4D,30,1070967202881569,のんびり屋さん
578YG6EAT,23,1070340597597341,桜桃花束愛聴会
RNJ306W6N,22,1055166729574522,日曜日よりの使者
PMKB2XTJD,24,1049980704462371,ごはん派！！！
2U4GLJXLJ,28,1047912841119218,泥の中の養分
HB2CV4C4U,22,1047633585788222,アイスランド蓮
HPTHY23VR,13,1043922352658378,蓮ノ空文芸部
4KRBU0KFF,7,1043453611524021,ノーチャン会
X33HHA9F8,20,1035377518283065,アルストロメリア
J62DRC7J5,25,1024219892793041,蓮ノ空好き好き会
36DAM7HBL,26,1018147118300591,蓮隠れノ里
DF7FA982P,29,1017325889792178,蓮ノ空百合部
5YXVKDEKV,24,1011406533102189,サークル(仮)
J80MEYHBC,19,1009070193389355,Nymphaea
N1JAJ83CA,25,988748291230325,蓮ノ空園芸部
J4KPR8GX0,13,987900848635597,関西ラ研
LYPVAETHY,4,983807429973219,金沢の泥
5WUDLMWEP,22,975665098093859,蓮ノ空は明日ノ空
2VJG66JTH,20,974932717161096,まったり
GN9EEL045,23,974742217535041,きらくに
YVV9CMBLW,25,971148668570375,東京公演で沼落ち
D7UA5ER1E,30,965693862171471,UR報酬欲しい！
E7UBFLW56,26,960317198306110,同好会の同好会
MWHJ339TF,14,959333402833848,UOは合法同好会
C68491XHB,22,954058020100575,みらくらぽーく！
YADX9DY49,22,951242915838418,ﾊｽﾉｿﾗｰ
XVTV7MVCX,24,947180165074551,雪月花
TXNCTRR1U,21,943409993656079,瑠璃乃推し隊
3YPGAUM04,15,937411476175530,ゆのくに天門
8J1GJT2BC,11,936449819661415,近畿の大金沢
E76N52LMW,25,929919999497419,イベントのみ
26JDLMBLN,10,921484099344841,徒町は強く生きる
2A69E25N6,2,909267029878767,ゆめみづほ
57HNJ07NK,27,908445693323996,みらぱ全力視聴列
6MWHCNJE8,25,904709340787615,蓮之空小賣部
EYEPHE14G,22,893951710124689,花上梢頭
GWGDMA3YC,23,893874408220991,初心者無言自由だ
75UJ5RB97,28,884564692359874,蓮ノ空雪野球部
B6KWXGHWH,24,881458499112931,蓮ノ空SIFC
T4WY63DB9,28,881399699659063,ういのま
9EYH317R8,18,879267053262027,イカトンブライ部
FL7R6UULY,28,879200622839817,サークル無言ok
A3X92L6YU,21,871744507679350,お試し用サークル
FNMV166UY,19,870057219841359,蓮ノ空喫茶部
JHTULVV5P,20,864346212904623,故に瑠璃乃推し
3F0M4HXJE,28,860782515669558,蓮ノ空まったり部
0CBM28JP6,26,859524212164202,ほうき星
NDFW9C99C,2,856906711091091,素鴨のピクセル
K2L5DCVNR,18,856592358765140,REAL
1YLFFXC1E,6,856238692530174,安土桃山時代
PH0YEPJD8,27,853412364479471,蓮ノ空北國金沢校
2JK7E4115,27,852154393290452,ラ！推し
TDHKGHFPA,19,850107368051171,無言参加○！
1UBNNHVLG,26,845873490748127,蓮箱推し（仮）
XTMGPY62U,20,845184694486828,スクステ初心者
P4NGERDXF,5,843281280728236,こじらせ部
DHBGK1398,5,837425234180878,となりにこな
279NUYU7C,15,827355308169108,れんこん
YAD615PCK,22,811784692418894,蓮を咲かせる泥達
DHKUGEWBJ,25,804582058771696,めぐ党虹ヶ咲支部
M08GKL70U,24,796778007047600,ららマジ難民の会
P8W50773L,25,791372564922632,蓮ノ空見守り隊
Y7KJ3PM8P,24,786358656502884,蓮すきすき同好会
UVM6NP6V7,24,786348233444835,リシアンサス
3LUL3WR8Y,15,783179331038992,零組
BW38LDPRF,27,775373026259267,蓮浦の星空
T2XRMGEAE,28,775068906220172,蓮根無言会
V78LAX1HN,4,770220836120900,蓮ノ空ボドゲ部
C6V311T2P,22,767054388487036,LotuSky
GG56G6WKD,8,762021948514234,FF43企鵝冰屋
RWG56GK19,16,759377901014188,e+本社ヲ爆破ス
Y337R7BW9,17,757788854842874,中国の蓮之空圈子
4FUWL63MV,17,754457802192612,せーのでちぇす党
VNEJ2RNW0,18,736477512496817,まったりんくら
B1KYU3XF8,17,734063207394197,LG lotus
WN3LHKX0L,17,731064360127862,レンコンおいしい
V5WNV1A43,6,726866274728687,異次元ビリーバー
18YYNRFGA,23,726281665301936,LotusSky
HB9AU9DJJ,22,724017300424042,聖心党
005CDHF0W,1,720669546468444,Catlike
G8F0M2PH2,25,717203867678028,アフターウォール
A73H7ENN2,21,715920123936483,エロマンガ同好会
LX25CP0TG,18,713617783150108,深夜の芋煮処
Y5J5Y90CD,20,710085842326582,まるまるサークル
4FR887RVF,7,707586240025174,わたし魚
VD7N7A4WH,24,707457965204535,氷青色
DBHVM0X7P,12,703463908102634,ガンフィンガー村
YK0X6N2HN,15,687883179004973,無言OK出入自由
UCWKRB3WR,5,682398099772505,菅沼千紗が大好き
3LPBPHL3V,20,679484262468196,壁の民の伝説
8MTLYLH9F,20,679177431563125,木星の月華富輝宮
BTVC9G95X,23,669597443508267,FES用
R7VEXFUBP,25,668973950861325,蓮ノ空応援クラブ
UEJMMVF33,5,665537527690568,さやかほ緩々会
KGDNX3EF3,19,658738000418658,ENcircle
58FD7UF8J,30,657937724875120,としとしサークル
2K5AM4RV0,5,650312934427744,とろぺりです
W6JWRJGJH,24,637052740082978,ハロめぐ同盟
1D7T2UXC2,26,636254760980236,無言でのんびり
CT8XW752X,15,636042657801616,蓮ノ空写真部
1GJC67JLM,14,633875941816282,無言の泥
BWD9U1EJ2,21,630940171864491,蓮之空中国同好会
NLUJRKCK5,2,629323498098699,さやの御御足
59AK7LJ7A,19,624808012020720,とりあえず
0VP15L48C,5,623501294604284,ハスラー
VXF8P7NDC,12,622713625104864,どんぐり。
TM19BMU7C,24,617226193158519,ソロプレイヤーズ
N83DW3NYG,13,605663644819647,†極最強倶楽部†
UCF93JAPM,16,604460763055391,スワンプマン
XHJLF3R8H,24,602386693663594,ゆったりプレイ
NK8CTXAEA,1,594340734872503,蓮ノ空卓球部
U98UKD6RY,19,594030325999248,異次元フェスP
BXC1T2HY2,12,593865532255949,初心者の集い
N34LHVJKN,21,588145202893521,のんびり堂
XGR5U534F,7,568936740835734,初奈の泣きぼくろ
HBD61R6WC,19,567189968435508,梢先輩すきすき部
ELTW62751,18,567184732624175,安全バーは君の腕
2UKNVBMBU,20,555123561022858,梢ちゃん同好会
Y6KN85L5P,16,553318497282837,孤独の村人
R083H7WRN,28,552725629561667,サークル無言
646YTH7KK,15,550567072178398,KA
5NPVVUGH7,19,549519833305152,蓮すきすきクラブ
C003CD1RW,21,546987222616454,☆蓮ノ空クラブ☆
G6EH0KHT7,29,544714109368438,なんもわからん
BPHHYC793,26,544155288413003,ソロ専の集い
BYA3FA0X8,22,541927084445026,無言ぼっち同好会
9W43TY3MB,3,540033858196587,兎小屋ｼﾏﾘｽ部
WE4AB37FP,17,539396007071739,めぐ党
B4ADNM80X,9,536986544092952,山本組
JXN6XJAFK,11,530019111679513,ぼくなんなの
60D1TTYTV,22,522244691479986,無言自由会
B937E34F2,2,521863704963537,金箔ソフト
AVX749PPB,22,520800024129540,姫芽ちゃん親衛隊
1618JMRED,12,519657009868842,リンクラ自習室
1F5EPPMLD,15,518614288390627,UR貰えればいい
CCACL2CMM,5,514563531404298,青い監獄
BEMED3RY1,25,510779349952584,無言無課金ok
F2M746D4B,26,510065474997481,頑張らないクラブ
9U8KNU6U9,21,509716151436444,対抗戦用
6BFC4G5YG,24,508964499676569,蓮ノ空足湯同好会
YLJ2PP4X4,15,508319990870656,全日本謝罪同好会
F08AHUJJ0,19,507771746033538,綴理のお世話係
L10A3854K,5,502963473387742,ラベンジャー部
YXKR0GGM4,20,502894915379145,蓮ノ空好き好き
M206VENTF,15,498968990101467,蓮紺の会
VLY5JDKCV,20,498610896490854,新規なのだけれど
N94LEWF2D,26,498100027301932,無言よわよわの会
6D49YVAT7,12,493695526942158,ユニット愛で隊
53NYG615U,5,492843965031943,蓮ノ空飲酒愛好会
1XX6FWJRB,28,490958609662677,オートスキップ団
XPRA8TRVE,14,487114876388472,蓮ノ空ロボット部
E58FYF67C,9,483691976906522,ロータスランド
T40RLPJ4A,5,483660659823774,スリブ好き好き
AAHB7C276,16,475447386005328,HaCordVN
W3F0URUJC,20,473251867009993,梢先輩応援団
J83JWJ028,17,467058323118057,大ㄇㄚˊ露營區
7AATUNUPE,12,466674391051928,無言サークル
07WJ3V6EC,2,464794153093917,ハスノコ
RAP9FVR3B,17,464544570235146,あばうといち
4NFMU2WME,18,463405726316849,好きだかんな？
0UTVRAKFL,21,462835485094684,平穏無言
XLBU65J86,26,461475004862101,花の壁飾りクラブ
XEENRBXCG,19,460491556613747,蓮ノ空休日クラブ
EHGD5JJK1,10,457536043226779,限界夜行
976BY5JWK,24,457009475887915,ハルカカナタ
JY79RPB1D,23,456753158208613,リンクラゆる部
YL2ELYC4U,9,451652923740861,さや…好きだよ…
X19MP0NTT,19,446578440801308,蓮之空河豚养殖場
TM8FCPDHL,3,444808445580479,優しさや土までも
TFGKYEY98,19,442941091333977,LLP JR
PULJ8VCHJ,9,440771164614474,蓮ノ空を推す会
FV38N1J23,16,434904829237739,イベント用
TDVTNN329,2,434786014591270,なに
7HWM7661K,1,434198507207962,A
WPG6BCG83,28,433756711882086,基本無言
P3T2T39HF,6,432455844350392,新川地区ノ空
0EL43A30P,2,428362403166389,こころのいろは
YC3DCPM7M,15,424525115726457,福井大学ラ研
JWUL2T36L,24,424447194483750,チーム初心者
17AEM7PUN,16,424216606510498,SIFcord
TY6GK7VHH,3,424081548062108,Rosa
DW13FCXPT,21,419669641343292,Mulbungs
535L2H3JU,4,419236914920638,Lotus329
VXDPPJJL1,17,419175379572701,蓮ノ空リボ課金部
A9MA307FX,22,418017988311503,楽しいが一番
PMME7169X,23,417480527095919,蓮っ子動物園
TD87P23DJ,13,414626048965541,黄昏の旅団
C0NDBKMRB,21,413715083268083,すりぃずぶぅ家
8BAYBXUXC,19,411640279813637,スリブ大好き♪
2MLF6F0C7,1,410730024704372,ガムート
427WENUC4,23,410398650660860,心の癒し～蓮ノ空
1G89KTD5X,21,405905646216792,サークルひとり
M851LEV3N,20,403261944651065,なっす父兄
06A0GBYLL,3,399788893925158,ロータスNHK
828YTYAA9,14,398266570990296,箱推し社畜の部屋
7B0W0EWVA,17,397239711414371,ソロの為の避難所
A7WWE0463,24,397212316058888,蓮ノ空初心者部
6WJW7R1TD,5,396107063295776,さやこずノ休日
0J44KFKD9,3,392992803113571,アサルトガーデン
DALU6BL7L,20,391881087904037,東方星蓮船
RM7N1JDB5,27,391320246516151,無言推奨不干渉会
DFFYFJ2B6,22,391202024480364,つづさや好き過ぎ
6KUYCDLGR,19,382844256531578,かよちんは宇宙
8CEWMFEHX,5,382543248647606,ねるねるねるね
4URND90YY,21,382466883637854,参加賞狙い
RWDWD9PP6,12,382126973919571,乙宗家の屋敷妖精
APD9U5CFA,7,379445044989596,立ノ空スクステ部
VF517JBVB,18,373405938172391,無言でいいよ。
LLDLG20UU,27,372208009656129,UR取り隊
X0TFG829Y,8,370762785818519,ボクのおうち
W3UUXHMDV,19,366183428510502,水彩ブーケ
F31A07X4V,14,365966232954409,蓮ノ空福井分校
EEP20F2M8,18,365216611303343,綴理の綴り
GR65FP8VN,8,359444755717104,蓮好き
XXMU9WLKB,15,358562342015210,梢の機械さん
9C0KWR782,18,355822493467907,まったリンクラ
218R5RK2N,6,351462261552636,桜坂しずく同好会
T3XUTYGC3,8,350330137414560,隔離病棟
FR5PDRB5Y,15,345049577270603,株式会社つづさや
B647MRPHR,6,344763406999107,壁の民女学院
WLLWJ8ADP,18,344595091634981,乙宗筋肉サークル
9D722M8KC,23,344138109197586,蓮ノ空同好会
MXNCA0703,1,343326158893896,◇
K4EGD5V86,6,338720360224643,京大LL研究会
XK83VXEED,3,337067403287157,TUAS
C9DAJ6YFV,15,335963834424618,のんびり
JU476V6K9,15,333620479670940,ポチッ！
AR9HR528A,20,333279019967416,いろいろ実況
88DJ300PJ,27,333099976396421,めぐ党
6C9R15BLY,18,330798889652550,スクスタ避難民
LD34NCH5R,3,330559354601415,NERV
9WJB6YPPN,14,330068689170969,温室花畑
J9T0UFKXG,4,327437645184112,光を目指す者たち
Y1TFAEJ7M,1,324386488781114,蓮みっこ
GE3TL53AP,1,323783570411904,いい顔でこんぶ
WBEK5AKNW,2,323688826915379,次世代蓮の空部
48N7HVJH8,5,320785660619881,KER
PHEKJB75C,16,319656464266262,乙宗四季恋愛㌠
HXXWV79PL,2,319187391721145,nitkc
FDWY9N1P7,2,318756328889424,フンゲ開放戦線
YCY3A9106,5,318605585931976,つづ党募集中！
2AUM7L9BW,20,317730935039231,蓮初心者クラブ
6HV2RH6TU,19,316534100836803,イベント用、無言
639NXLKJ5,27,316272898376927,Lotusky
PRY4573W6,17,314898064218275,報酬用
KC3AC34GV,1,313163235774283,変なサークル
J6M50T8NR,1,311531945169174,蓮ノ空音ゲー部
WBW66DMUB,15,310900519214460,るりめぐ研究所
A3472CNJE,18,310121283363184,ハントン✿ライス
1YHDY3DR3,2,309679504414802,蓮の咲く池
EP27EEH81,2,309635086021564,毎日がホリデイ
5VCRU63W0,3,308566796709674,まっちみん
JFNRLDKWA,2,308427792149315,Edelweiß
CJ398GJAT,10,307977103131107,バッグクロージャ
YCNE1W7PD,1,306307233735047,1人用ダンボール
NDTPN879N,4,305779883971678,ライバーズハイ
AKF49TD3T,2,305503500035685,なんか
EWM0GK62C,14,305033106726459,誰でもどうぞ
E050K9859,19,303266961872447,蓮党
TR057C1UW,15,302556087398659,蓮ノ空ぼっち部
J79LGCKKF,5,295654943914128,蓮ノ空コーラス部
W9V6VTXAN,15,294567994834763,梢先輩の歌声好き
L752A9NPV,1,294509441776603,ピーマンの肉詰め
KWX0HVHCT,3,292559896929390,梢と綴る刻
UX96YX4T1,11,292468663321302,『位置について』
7NJM1VURM,3,289750327251320,らんるん部。
3YWMY4JVN,14,287611604244200,82プロ
4LEPNP89A,1,284071589820074,ひとり
LUMM4W0UF,3,282015037506980,蓮ノ空社辞部
3LAFHDKE5,4,280086646189212,こずさや保護者会
R7D4DLE21,1,277226885691944,とりあえずイベ用
HYUMHA27V,2,275160820767245,ゆるっと蓮ノ空
GYJ3C6TKR,20,271815001837195,綴理先輩好き好き
GPNHEGM8H,2,269830462075083,卯月軍団
714FK75HX,1,269140033659378,ぺんぎんあいす
82CY1DN9W,3,267715010382729,みらくるねす
H6CCL64P9,13,262467515763680,NATTO
MY7PHGEAX,2,262047254973182,かがやき号蓮女行
9RYR14H9L,21,261788965975993,ソロマターリ
7JXPBNKNK,1,257859319987811,蓮根
CHYNT48H6,15,257187276321605,蓮ノ空新聞部
YAY2UK2CT,15,257095506018602,蓮の空研究部
HAYRY1DW9,3,256560332786891,僕のママ
WWWUTP96L,17,255281081204780,異次元からキマシ
7MPNTWKTN,17,255254574063086,Dreamers
KANLFTMVJ,18,255157120416981,蓮ノ空中文同好會
5L9GNT78V,26,254538696356421,叶え！私達の◯◯
F6JMFHJK4,2,253512241713459,猫神教meow派
8NFDBY4L5,4,253397094213861,浄龍会
PUJ0ERCMW,13,252022239555124,蓮ノ空倶楽部
U8GLCJVJP,20,249456513771275,コミュ障用誰でも
8M2MFU9U0,15,248754133895356,リンクライブ
HT7F27PEP,2,248430923893513,イベント用です
G0WK9025W,2,247583611007088,ああああああああ
M7HJCP8WY,2,245132129699242,留年回避補習室
E8EGT47GT,7,244703842036903,くるくるくるー
HPH027CBA,5,244656909346638,好き好き泥クラブ
6U5YRWNNY,2,243545674248401,あすて☆りずむ♪
UVK38MFR2,21,243328295705099,蓮の虚無サー
K0ATKT27L,4,241912863219098,中川左遷先
DH97ANN9G,25,241418136615919,ツキマカセ
U1X8XUL9G,19,240674895861002,イベント用？
3L3TAA862,9,239929386571763,チーム用務員
GU24PVDA6,1,239071090650641,Wei
FG9A9ARX1,12,238957928171219,忙しい人あつまれ
MD802VP2H,10,237488010612464,専門演習F4
JBWTMUYAW,1,236779924709304,梢好き好きクラブ
KJU0BU77M,17,236707841366178,無言交流なし
X45T3U322,13,236491055245810,アニメ最高クラブ
7J3DF36RX,12,236179910954027,綴理しか勝たん。
ENRGE3M82,22,235823874790119,蓮ノ灯
5JA9K5FAK,13,234411773602731,オタサーの姫芽
RKT7BC4F6,16,233359324105685,人形浄瑠璃乃
6N3F238R0,15,230453242906768,イベント参加用
UMG1B9C7V,16,228575320566598,蓮ノ空女学院
WRFLMWL4U,12,228373687837388,映り込み金魚
8FXXHE22A,5,228309724993308,蓮ノ空
W189BP629,11,227404573273698,みんなのみかん畑
WBXF9XXW7,9,226872820848829,さやつづ愛でる会
WN3625XFV,1,226067657932768,チーム自由
GVNKNN878,14,224463352726778,Aqours
M4YY7PV0G,9,223873868515200,ブルーロータス
1T1BPVPRU,2,223654791635971,しゃふどーぶ
CEWV1CM7H,3,223538423107835,隣の芝刈り
RGFWUJ3YC,4,222920369746473,No.10
M6JPV9MVW,2,221653597633227,フォルテシモ
56081A0NP,3,220964650303076,まったり
7P4CAER9X,11,220556243429335,まったり倶楽部！
7J5JK1W1W,3,220338711274350,高根町
VGG1HM53K,11,219953989763044,のんのん日和
YHWN0NJ03,11,219330830661892,ドカ食い気絶部
866DU609J,12,218921342890465,ラ！スレ@may
3RH5MYBXV,21,218876646132707,こずめぐ党
L6MF2MPBN,23,217559257570215,みらくらぱーく！
KHAKJKC0A,11,216099827467310,のんびりまったり
V830CTTX3,16,215979037099068,日野下後輩
RBH0YM8P2,18,215681874143296,蓮ノ空ラーメン部
XDW8Y5EX4,2,215391849734649,目指せAランク
NK05UMLWW,18,215285870593479,かけ込み寺クラブ
3UV13EUUA,2,214976314270850,こずこずしてきた
P551DMBA3,8,213706169021743,すずはら家非公式
FJMA5BPPE,15,212800117368072,蓮ノ空すきすき部
EY8YN8J6X,3,211848394795204,インド蓮ノ空支部
LAKRG5NK9,19,211293333552838,ログイン勢
3194B9E93,24,210745545469240,初心者寄り合い所
FCPHKWR7G,3,210280047153991,麺のびリンクラ支
H1LTYMK0B,14,208002682385334,花帆が可愛いの会
FDU1F9PUW,2,207549457000075,海の幸
EE4BKR0AR,21,206754891719958,まったりプレイ
VU0UYYA8K,2,206185647535456,蓮ノ空日野下厩舎
K95YH6P1C,11,205347315753629,蓮ノ空泥の会
HYW8FP2GR,2,205155223842558,ちゅけ会
CE30LX9L0,1,203108991359037,nobaman
7B07VRW2N,2,203006510598085,藤島メグミルク㈱
48GTYR1VB,17,202282970054953,ハラショー！
02XNKDH8X,5,199073702198514,せーはすの雑用係
E58EXVMJU,12,197020303822981,ボクがんばる。
T48KV9EP2,5,196751978009973,無言ぱーく
JCRNT9GKB,14,195954627342053,ハントンTKG
KGY709ULG,5,195577049521775,蓮の花束
17DM6L40G,1,193918571045122,なんでやろ８番
DVF76RK9D,2,193728732666832,ぼくらの太陽
DFXEH0E0B,10,193419260014254,香港の初心者♪
2L4HJXUUR,4,192214648522031,アマ研ガルパン班
FXAE4V7AJ,3,192154256249074,技大アイドル部
RA1676TKK,9,191935686043601,蓮の空好き好き部
R9NGK6L48,22,191167056933125,のんびりサークル
L5L28YLA4,1,190846085991510,ひとり
KA652DGYV,17,190225161791589,ゆるリンクラ
NGFXVPCGX,12,188306148322251,うさぎのしっぽ
GK7JNB0NW,24,186837238596134,参加賞取り隊
0YLUK30K6,25,184299237293647,蓮っコの集い
W71PEB8XY,2,182796018939023,戦慄のたまに衆
N9B8HXXR0,10,180910720507735,25時、残陽で。
XG71P3JTX,13,180735628762416,瑠璃乃すみか
0YL25G3DP,1,179907946185988,のんびり
KA3D805XV,8,179046882421485,綴理の寝顔守り隊
LFB48H6MU,15,177944748970878,超初心者の会
E515TRU1G,16,174810532847070,起きろ夕霧綴理
0R8BXPRC1,19,174047911385917,ポチっ！とクラブ
LT3CCEBFE,3,173145363685266,蓮ノ空釣り堀〜
8RR9G8UHU,6,172503749519968,AiRBLUE
PN4VA24XF,22,172318587698211,みーかるぱーく！
1047JNAJC,1,172264933273578,月火水木筋トレ日
WNA5GTJPP,20,171799150533641,蓮ノ空百合クラブ
2LG8K5VAJ,1,170984608523752,Eサークル
VAR94KPUT,4,170914536939083,日進月歩
T56X6LP0L,19,170892966918609,光の海
NGMU0511T,18,169506029826744,無言のお茶会
DP1VHHTK8,1,168496767799224,のんすけの滑り台
WLBYGHXPD,21,167837763276856,大天使村野さやか
JRAC1HYUD,21,167515032370530,SPHS-MMT
UNY76JJDE,1,167437451537584,ラブライ部
9L0B2WTWX,1,167192353631910,ソロ用
FL60DG573,1,166809728623018,海未×蓮妄想部
08DDCV5JN,27,165738830293590,黒ねこのしっぽ
UJJ4KVDMV,7,164558396077052,水彩世界は正座
A86FEX2JC,17,163656290771587,おやさいさん
C2XLWUTL1,18,163647353853317,夕霧綴理親衛隊
YUVK7R51W,12,161269668178313,萌え萌え倶楽部
XJHATLDVB,16,158839778201458,さやかほ観測所
G8EE23LB9,18,158303471689868,虹ノ空クラブ
EKACCPWWB,13,157671782252156,タフノ空学院
GLP0WPDRM,16,156902492894503,イベント用の泥
351WGFU96,1,156735707268713,紅茶党
8XR91CRG2,3,156453551114882,道立一限遅刻学院
1N4JY7A96,4,156095252183796,あまやどり
B3F5XPDHH,1,155024349582921,仮宿(仮)
CRXN961YF,2,153284133993450,ビギナーズラック
23PGPJ3NV,12,152954714387111,蓮ビギナーの集い
EAY5EM96N,1,150220072449282,眩耀夜行好き好き
9X07VGM42,14,149886774770879,近江町食べ歩き隊
HH93ADAW3,22,148328640377080,無言自由。
M4D0VP1XT,3,148126181337592,蓮ノ空痛車部
MGN8DYTTN,2,147672600517486,スクスタおじさん
H1G4CDT6C,22,147290638468765,無言自由
CWPWP1266,14,147191710317294,さすさや
5C2EVBBC1,1,146693652814518,まったり蓮ノ空
NMFBD39FM,11,146468901355902,蓮ノ空分室
2HEFYHN82,12,145038770381369,異次元フェスから
W9G7A5E34,8,144465075688412,泥沼
0JY7F3EKU,15,144421609195758,さやか愛でる会
BXJ6WV4TB,10,139102397929783,中国club
VA6X5YNNF,9,139072716937827,スリーズ分家
HX2TUDRA9,3,138601696085800,蓮のブーケ
1EBG7YUTL,18,138321182198168,菅！CAN！叶！
66BTJEEV6,3,137852554448112,ほりでぃぱーく!
AHE0E3JND,26,137405032690204,ありがと！にひっ
E49YWK5YC,15,136785914430108,酢蓮根
6WUADDR4U,2,136429529086693,からあげ
KB5BFK7J6,14,136329339348343,おはめぐ党本部
407VAU0TT,19,135981291560647,ログボ勢の集い
JDAUTGR5N,10,135047161997156,花帆ウサギ
UH94B4MTL,1,134186110991423,電電の遊び場
3JDDUYURT,14,133443548623294,無言
LB9709JP4,2,133339830353254,L.I.land
J5CKL5YPX,27,133202163139227,ログイン勢かもん
ATE4GEUHP,2,133086035631970,リンクラ遊部
WUK7VF22K,3,133076276201339,はすのとなり
TBHVUNGK6,4,132167975385944,ヨーロッパ軒
G2BWENR1C,2,131273586101998,せーはす応援団
HPJ5JJCNM,5,130856172400936,東奏学園愛弗部
2LLNGYPU6,6,130529509750036,禁断のセカイ♡
PVEBYCGYV,1,130503713330548,◎ディヴィナシオ
UN4AHCLTX,3,129376321473078,蓮ノ初心者
YMX3DRRL4,1,128720130037490,仮住まい
M49MMBK4F,11,128648802845846,スリーズパーク
KC1W74B9B,24,128314845362624,蓮六園
KEDLY8MBW,1,128016764573525,海の幸サザエ
61UTNTRU1,17,127867217460989,初心者さん
A0GJ88KBL,1,127605901686386,ちぃの闇
NFMLE6Y2B,3,126107543228420,蓮ノ空TCG部
WKG02VMU6,6,125980252847641,先輩で遊ぶ一年生
03MPRFH8C,1,125768807520907,川越総本部
9E910GGD2,23,125306776107225,蓮ノ空給湯室
V3FAH8CM4,21,124958900145210,初心者の会
NPDK1A7BD,14,124178276131051,機械さん学部
JF6DGFL11,6,123798454850677,蓮ノ空トキメキ部
DMWLUP54C,1,123254933763007,ほげほげ
CJWR9P8LM,12,122400116627455,花帆さん愛でる会
M44P06CH5,13,122097818514362,つづさや見守り隊
BUKPFCJCY,5,121083821834084,TTMC蓮ノ空班
C8WCYKBU4,3,119877144675466,蓮
60KU468X3,25,119607235887680,はっすーず
W2HEPMM2A,14,118554099613743,無言。ぼっち。
XR2P2LDY3,22,118405916677533,まったり綴理推し
BK8AXMYGC,3,117760946250230,梢党
9DFV9UTW4,6,117110993235518,白ひげ海賊団
TJPWPCM36,1,116932740229640,リンクラ支部
06MWMBB26,1,116756795979252,ミステリサークル
8KVDGWLUD,1,115891644103573,廊下閑散
281AVFPPX,13,115698105691452,蓮ノ空過食クラブ
PATJY5FLH,2,115364850834139,―鏡花水月―
RN24L196L,13,114586637147515,るりーーー
H0CCTJREV,2,114394462939971,ソロ活動～休止中
YM72HRVCF,18,114032291768533,ワンニャン部
5DT38JWAK,1,113687570024246,麦穂動物園
TFT5E6TY7,1,113583714322129,みじんこ
Y4G0KF6NB,16,112941385237101,無言でやる会
9C2FC74H2,11,112600321733281,overseas
EBEUUEUPF,1,112346938434976,ちゃそーず
FD24TD6C5,15,111212635944990,泥人
V9069U4Y3,1,111144442665403,ざぁこざぁこ
UAD14JPWL,1,110618700469277,泥ん子(仮)
3EJX5WB1A,7,109571288435725,金沢綴理門
XHAKP4JBX,3,109244904539817,毛玉犬愛好会
UXWL7V4CE,2,109168517338290,蓮ノ空女学院
KHE3R0EE7,6,108078665406132,チーム本屋
A8BJ5V3ET,22,107841458293120,はすのそら
PR2BGEK5K,13,107826687593935,ヒペリカムセゾン
6E27A15ER,11,107736635384398,蓮ノ空自由クラブ
MG3X118W7,12,106740903377483,大室家
1U4JN5CXB,6,105815267484288,LLユーカー部!
TTDBXERCU,10,105661953707105,蓮ノ空 全力応援
ERB0FDW8V,5,105423340885173,LttF亡霊
89K9Y7MX7,23,104272694264368,初心者歓迎
UCU6V03V4,2,103798791797206,蓮ノソロ女学院
U25M5KVHA,2,102691323833996,睡眠障害ーズ
ERVDJMHPF,2,102176634058336,敦賀第二機関区
DKPMRA0TA,8,101852572736573,蓮ノ空奉仕部
WJGWLM56V,3,101611408208373,ぎるてぃぱーく
GGCKK69C9,3,100354136703480,リ　ン　ク　ラ
30W3RA65G,15,99937710859677,蓮ノ空自由クラブ
CWG5LH3VE,9,99240163985765,蓮好きPの集い
34GFB7LYU,1,99121522189364,イナカモノズ
DLF2YK8WN,3,99104405015951,サクサクサーカス
18XJRD75L,2,98929433436080,LLLL!
85G1K4U8U,3,98111101478187,ゴーイングメリー
26GG42M4L,1,98105427472244,カプレーゼ
4YJYLLDHH,22,97232946003232,めぐ党同好会
97BGFLKW9,7,97011388047380,◯◯◯
UK30B7DG2,4,96392530521477,ずらまる卯どん。
AKF1PWWUL,1,96152874793524,やっぱかほこず♪
BE349FEW8,9,95256142345592,いい声の蓮ノ空会
0C18FK9YC,1,94269490362006,デザイア
FABU1014D,1,94264252707171,こずつづ癒され隊
0MVC7W2PD,1,94075376827823,WIRED
B14R5YE13,2,93644340889021,ドルチェスター
8A3NB6C6E,1,93318367845257,城
7D5W8V5UD,1,92825152267692,v..v
7DWNRBTGA,1,92528092855460,なにもしない
KNRD3YG7N,2,92406223233602,ケ・セラ・セラ
378N79BKU,1,91259156176764,蓮ノ空至上主義！
YC0YWPYUL,3,91092872780939,リンクラ広報部
K4LJNWYG5,1,90453044060086,KNS
WCUAMVY9X,3,89953787927547,ゔんゔん會
974GR6CVN,1,89943768483367,いたニキハウス
LUYG5CWPJ,1,89768018820763,La+
LB0K3MHND,13,89445219492792,フラワー
YVFP54NA2,12,87741985426836,無言OK！
BVEEDJGKH,8,87416162676453,さやかの首のあざ
MU7M5NFXM,1,87073661047273,推しはいつも赤
47K017YJL,1,85877762009893,対抗戦(個人)
PHMJLJY5E,13,85514682861619,ラブライブ愛好家
R3UE4PGCE,10,85453990916815,うさぎ小屋
F90XW14UP,6,85450182578098,のんびりプレイ
28MBJ3GNY,1,85325314443137,じゃがじゃがいも
8MKDCVN9B,1,85262263279301,お花畑
32E82BNXN,1,84928396660989,主人公同好会
5YEE75CB4,9,84555518138016,ロビーで待ってる
6CC83J3EJ,6,83356073155303,蓮之空台灣分部
FHN78V2DJ,14,83032023272376,無言でどうぞ
W09WBG3HY,17,82344479680556,どろんちゅ
58EPXVKXX,6,82071175418754,金沢総合車両所
PB5NM9HRA,4,82045099102513,歌蓮ティールーム
AGGL397LR,2,81577733366325,百生銀行長野支店
J0DGEAYBM,2,81356764333070,壁民の集い
D74U0Y31D,1,81326402306888,はじめての蓮ノ空
RMUU3AH3X,2,80826351896369,蓮ノ空広島県支部
XN2VEA6DN,14,80539103368341,無言
BMR3178HR,1,80496195095822,蓮ノ空シアター
BBNEWB1UA,16,80088208862812,蓮ノ空紅茶部
UKRWDX25J,1,79908763927815,ーーーー
0FF0UH3WC,4,79616810806292,花梢恋愛後援組
MC5J1MV11,3,79552919490912,十四番隊
MFRXC8MVG,9,79477149493029,蓮ノ空ドキ同好会
XMDD3TMWH,1,79297209287004,お花さん
PD80VCP5N,18,79174393841718,虹ヶ咲学園
9EFLKML33,1,79106629823365,ダンボール
K7LC46V5M,14,79048543710658,Link！ラ部
NP4LV6D6H,1,78710824032048,ゲーミング姫芽
K3LMN5JHH,19,78703583136074,金沢カレーの皿
TB7GJ57D7,11,78615253885382,シャイニーフラワ
C80XC2L54,1,78362100698542,ライグラ用
BXHG2KXAD,17,78343928803089,idol.st
FNHT9JFY4,10,77737488708662,リンクラ楽しむ隊
ACH6PMHX4,3,77627370166462,まったり塔
D05L347NB,1,77576469055353,蓮ノ空校務員室
5KFDF3U8L,1,77446698910869,蓮ノ空口下手部
22KJV2PUP,1,76903682825431,他人任せじゃダメ
8GAY2WBT6,14,76884962887729,(・8・)
HK0E91U71,18,76590112881380,放課後写真部
BXHX534VX,1,76498880710722,ぼっちサイコー！
27N2UHJYL,2,75919564702914,ラブライブ格ゲー
W0L71MBKT,2,75902791399725,百合ノ花園同好会
EU9T3G22H,4,75841777753140,そらいろ
51MM4F4GL,1,75685333538197,こずかほ残陽中…
KWFJDTKE7,3,75344200625472,オメガケンタウリ
L1V12WNE5,6,75093416525608,蓮ノ空温活部
LNY720KVK,2,74893891647080,綴理お世話くらぶ
41N8G98LV,4,74391511238448,花帆梢百合応援部
KJRCDAB1A,1,74303577902484,トマティー
GPAAHVHCL,2,74295424108502,蓮ノ空地学部
N6XAGG1BL,1,74100323464009,ゆいわに同好会
5XMCT8EV9,2,73947757579166,サークル
4202AY8EJ,3,73650294651751,倶楽部賭郎
CEP973KKU,2,73505132043744,スリブ好き好き会
46UP5GKU2,2,73192956099370,機械さんと仲良く
73VTANA71,5,73001153779677,隨緣努力^▽^
CJYYHVRP7,2,72729438852683,かんちゅけ親衛隊
9N4F9P8DU,15,72437543481604,リンクラ部（仮）
37N3TNTVB,11,72211952508981,推しを布教する処
9YTN0M5PV,2,71993781004659,月月火水木金金♪
NN4U6NV2W,2,71354635562855,蓮ノ空好き好き〜
HAW490WUF,5,71300342162196,エブホリ
72XD3ER0M,2,70991277662154,まったり
UW7XNGLNW,1,70648089688627,フラワー!!!!
XPX36F6JX,15,70125631242036,無言初心者お試し
8YNHW7530,20,70003996047117,虹ヶ咲、蓮ノ空
787M83PDC,1,69937549461978,FU€TORY
6XJWABVN7,2,69643238031102,悠悠閑閑サークル
LEHXHMR8N,8,69302816946289,みらぱ全力待機部
HUYTHRVUX,2,69281179021070,らっこ
VY26V3P0K,10,69073479170860,AltF4され隊
JXLHBW93K,2,68786643309448,のんびりきなこ
8KW7GP5CX,2,68439225339437,アケフェスいくぜ
684KR3EFP,2,68407475988273,チュロスの旅
B1XLN3U5P,3,68162591028631,頭文字リンクラ部
TCTEAMP9C,24,68135018136393,虹ちゃん最高！
G9PGM5K68,1,67683714820145,ニャアアアン
BPG4D3VMA,2,67348668258668,不明
6LBC7PXM5,3,67252119870377,(仮)
LMGYN5VAV,2,66750325431448,北部公園散歩部
23YJ44XUE,5,65725880849712,あつまれ好好の森
28XJ8NK4L,19,65717778980842,蓮ノ空まったり部
K2YDNUL0V,2,65236143795852,まったり
0NJH60E7V,1,65186981253024,睡眠大事
RBDLWNFFM,2,65014782862147,ドルスリズパーク
UHWA4YLWP,14,64887406218796,蓮ノ空を見守る会
L7HH7E0XR,2,64665419532084,フラワースパーク
GYJHAE1TJ,2,64518805191250,ゆるゆるアーリー
XY11YD61J,2,64317080410714,車団団
NTDM30NB6,5,64025087475543,霊使いリンクラ部
0PFGRW8W0,2,63540501186992,ごはん処
E52PX91V8,1,63250735779623,かほつづ
E1HVJ71JR,21,63092443080948,ご自由にどうぞ
HXVYGL96H,13,63084454536842,対抗戦
L231MX6MB,1,62627526820737,モノクル
JC30FUPH3,1,62595000571401,LLあおだか2
72J0T27T1,8,62427484569678,蓮ノ空後方支援部
B08JAPP33,5,62383976420328,対抗戦したい
3N7FL0U6U,5,62381073567234,destiny
7NFK6A4AN,2,62369101587955,だらけ屋本舗
VAELB5B15,2,62352274825290,小平
RP0CU9UT9,1,62181724983269,かいわれだいこん
7XCGCUG96,2,61982707232503,ふみスタ
8588YN91J,15,61783711765409,虹咲学院
4YTFBJAMP,1,61725697380954,HanaHana
FF4XH0P3A,1,61153765474034,ゆるゆるサークル
K44BC8GLR,3,60712226472352,ことりのダイヤ
NPLTAWN04,1,59771264146608,自由睡眠同好會
DNNGG5R73,1,59493995710323,ねこぺん
LW7MG1ERX,1,59362013252838,まったりプレイ
JH5FX56N2,9,59266594286672,のんびり
GC3MH39TA,2,59245722550938,寝そ部
P01RCC6L2,6,59015497953573,まったーり
HRTGYAN3N,2,58856221873783,3度の飯より睡眠
R2PFWX8WK,1,58465562021177,チョコパン
8EX9KUG3E,3,58388189644889,コズエとツヅリ
0AYJF4RJ6,13,58250604148439,無言
PB91CW6W4,3,58153832462315,お寿司好きクラブ
96M23BV22,1,58116028491323,高松家
9B2LV6GAW,2,57179571221474,サークル
MNNCRC5N2,2,57112971592796,もうりんくらいく
E8K438RP1,10,56864732443465,リンクラ初心者部
LTDG4PP96,2,56860330603710,ハッスルノ空学院
PDTRRYUGM,14,56553845445518,石川県民ひろば
XURY539UN,5,56507041496101,筑波大ラ研
321FF56TK,12,55821000541174,リンクラ芸楽部
D8P64R82T,1,55775089799527,仮設
C791XXLDF,12,55490814199089,つづさや会
87DTRY50Y,1,55102949163458,今のところひとり
0GALMLWK6,5,54961591664768,ボクなんなの。
1JB7FM8YY,4,54672510213212,アラキドン酸Na
4XVD1CXVM,2,54371492373091,KIT
4B2FERVVT,4,54094634011444,牛頭ﾉ空馬頭学院
13GY0NAD4,3,53609385822259,にこたまぱーく
EMP3TCH05,1,53235941769475,無題
K7JJTMPXB,2,53229392674834,チケキャン
2VVE3F75H,3,53192195294091,黒髪ボブ最高か？
C8A8KLVC6,2,52509346121605,Esprit
7CP6HECWA,1,52346383817011,そろ
RDMR8LVGN,1,52336879379753,12月
NEH7E7FW8,1,52302326510364,サークル
6JT4698RG,3,52184520966406,ぶたばこ
P0P538TXF,1,51989024518000,ルリ×ギン待望論
JK18AK75H,1,51635085162053,みらくら実験室
69JYHU29C,1,50970383546732,ワンゲル
G810MK0NW,1,50907723000056,freebird
H3T7BH4N7,1,50868081809841,リンクラまったり
PXPPLWXF0,1,50676815944080,ラッキーＫ
EDBAMWXWB,2,50045557645253,ふごくらぱーく！
96LWYJ3Y6,13,49959701488481,無言絡みなし
MG1G6F487,15,49950874685928,蓮ノ空無微課金部
1VPK1PKFW,2,49871052354916,すりすりの森
63AKA05VR,9,49756371454989,まったりGngy
HTMTW9HLW,3,49671240218485,4U LOTUS
W2RUWYA8R,2,49649866310063,飛びポ好き好き部
XHXW80FX5,1,49585886624723,ソロ活
4NDAG5E9N,9,49481324172711,国産牛のにげあし
3PPKGW6KV,1,49111514928251,リンクス同好会
2L8R7GAV6,12,48568169249869,大賀美組
8UJNTV5BX,14,48475437444426,のんびりと部
CXARW7B4R,1,48364060410602,一人でのんびりと
DWBLV9V69,1,48278901212560,イベント参加用
CP3KWKH07,4,48185344464580,まったり社会人部
NL1MPRG05,19,48087867054973,とりあえず
N6T2MVATD,12,47929741059443,まったりサークル
1GJRB2L30,2,47835241040360,地元愛蓮沼団
TEVWA0UU8,1,47804774218046,^_^
6DFE57BY0,11,47248261316869,Lovenico
H3RE0VLMK,1,46929853643598,か
NT82L1V35,1,46806246957408,好き好きクラブ
CPT7M02TT,1,46350568500993,起きられないマン
9U0VB1H5P,2,46287986567808,あっとほーむ
J8GM3V8KB,1,46045145232868,肥満児芸楽部
WNMCNJ62M,12,46031931384008,チームまったり
36T6UB6YA,10,45483335065039,まったり箱推し部
TRFPX8EX0,2,45396946196070,鬼塚商店
ULUELCJ7T,18,45069765792933,なるようになる
YRPE642UK,1,45066435568890,(。・ω・)
ULGVU4B0G,2,45054481469845,約束のBAR7
TBL5BPL2T,3,44904212890840,蓮ノ空と明日の空
XJK5GD94X,2,44664020468464,フリーダム
0VTRC5T0V,2,44331980762637,あ
RB1MJJ3RA,8,43504571480505,蓮ノ奏(仮)
5VBB4F8N2,6,43503737920580,灰色ペンギン
R5N8GFAVX,1,43229483872941,#蓮ノ空相撲部
9R4P91UHB,1,43153126687757,チーム下剋上
F53AELUNC,13,43068730955353,ソロっと倶楽部
V1C2TB6KA,4,43038563343599,伊達ヶ丘
T4P115XHD,2,43005985548891,サークル
80K5510JB,1,42892065708408,CoreSolo
J5CJ60JTY,3,42831934294113,Jサポx蓮ノ空
WT275TUAT,1,42781852206642,ゆっきー組
CY3GGDH7H,5,42763512413401,㍿キモ・オタク
BVPHKBNC2,1,42729789157100,れむキンTV
57UT319NN,8,42524073381888,蓮ノ空同好会
UYFUH7H95,1,41925931170069,ハスフラスコ
X8CVE2HNF,1,41861722351539,私ののぞみ
762FM3JV4,17,41712570568549,一蓮托生
HCWF8VYD0,1,41447326184268,蓮ノ空空域
NHA0WEU8N,1,41378838191122,テキトー
Y35U9K1BV,1,41286785897820,ゆるラブライブ！
9AYD3XJ2D,19,41076001573938,ぺんぎん隊
C2GXY2MWB,2,41040008532760,LLYMLSIC
U57VPUTEE,7,40960867723962,ぎんのーず
XVVVBFF4D,2,40747818605879,おーぶ@めぐ党
9MAXP9A65,1,40625570402716,しょしんしゃ
GBGFR3LVR,4,40336243222848,ココン東西南北
YUBB47UXH,3,40281337493771,ソロプレイヤー
5HEJXK83P,1,40210610335147,イーハトーブ
NLB84DYBF,6,39963435921368,下松系拉麺同好会
GJCKB88YE,3,39682873096804,P&S
1AK9VTG3W,9,39602390872832,ドルケスキスキ部
N8944X480,2,39320185161987,蓮ノ空隣人部
A208R9K5F,1,39239226550025,bloomer
YHFDP2WRA,1,38859265302906,気分屋
PP31X3AWK,1,38437472331838,なんとかなるさ
8GEP3C6H9,5,38359746014253,蓮好き好きクラブ
FN6HMA6KH,3,37926791834652,さやか激推し
BY5NV4UU8,2,37877656648418,トライファイター
KJVD138JU,1,37616935058041,イベント用
7X71T9R7J,8,37427987723602,憩いの場所
NLTAB4BLF,9,36955569767657,蓮ノ空ゆる活動部
HNUF2ERN0,1,36880020799967,個人主義
AXGGJ4EJ1,13,36868199934634,所属だけしたい部
7D5TKBG45,8,36788634399167,リ!リ!リ！
MYTCXJ12B,6,36659337787497,つーりすと@蓮部
TX92H9GBV,12,36571352406880,アフターが見たい
NA7CCGNDH,1,36199282803395,8番らーめん好き
M2DG95X9J,4,35723436691988,箱推し
JDHWPLJ32,2,35689408658139,くぁwせdrf
KGD2P8TJ6,4,35573723297324,直通非対応
W8URH0E57,1,35506247503659,にいなさら
T86X24942,1,35420142231467,はらまき
C021HVB2B,14,35196029150727,第3芸能科
3EP5KGPDW,1,35176929048030,ドミノシティ
CYJAC1CK2,2,34992269837528,チームK
M7PWTT3PY,1,34601160593626,サークル戦連合軍
DE09E45EE,2,34538302377244,田中団
L1XRGHJFA,1,34454042917764,今回はソロで！
GC2LB58KB,1,34402217517709,ゆきみかん
JPNNY7W5F,5,34128760686143,ログイン勢
0FMCHXMU3,1,33571095039162,蓮の季節
RGR1NVGWH,16,33566017187415,無言推奨・自由村
E12PR824F,12,33565056990047,ゆるっと蓮ノ空
E7R11MYE8,3,33490682054824,ゆったり蓮ノ空
7UX6117P2,12,33433089088766,重曹圖書館
CG883T34N,1,33086466559354,蓮ノ空美化委員会
GNECRHV59,1,32847081257195,夏の空色
KARUFA7TN,2,32504688956878,777
NRJBADUT8,1,32503034526612,まこ鎮魂
HMB9LYA8Y,1,31874670089577,スリブのオタク
5EEXYEYH7,1,31707223366154,蓮ノ空計画
GYCCTXUND,1,31507503610573,さやのごはん
WJY2HK6A5,11,31452208848060,蓮の空イベント部
49TL8LVT1,1,31290417996969,蓮ノ空海賊団
KXEDEK8B5,3,31289739190389,蓮の空社会人部
AYDP5L9V4,3,31135914262565,乙宗梢好き好き部
DL35058T0,1,30644749921165,eggplant
FG4170141,15,30628279284493,♪さやか愛好会♪
W7B8L502J,1,30470023275846,梢サマー
YT0LCFY25,1,30418572970498,蓮ノ空風紀委員会
28X3RWD95,2,30344438817682,涅槃寂静
NFMEGRJ45,12,30334523334852,社畜無言サークル
N6LR8C7AE,7,29926005339088,泥の民
MV7XM9K9K,1,29913968119537,行き場無い流れ者
3LM0DRLRJ,4,29782008104836,〼研スクステ部
CMWVFLRFM,2,29774810764252,みょ〜ん
CWLK3KKHG,1,29685669785386,LGドルケストラ
MPPT6RGLV,1,29540776590883,ドリームガーデン
GBTRU6RV0,1,29495312210939,まったり
35BYVN5AW,1,29425324094857,めぐ党員の憂鬱
4K4JXGNX0,4,28997915598296,蓮ノ空P活クラブ
WVNCLDKHC,1,28913723034586,宮尾美也学会
TTW02P5K1,3,28664050702442,はすのこ
T7J89541B,7,28307057467461,日語漢語蓮愛団
56CP8P7MF,2,28084495936446,ボクら
5KTVTVKJH,2,27834676079162,ﾉﾝﾁｭｹｰｰｰ
DULFP3TRN,12,27374626868921,めぐ党員の部屋
ARYW1G3TD,2,27372127570600,こずすずの会
7VRH415VM,1,26914489530222,リンクラ部
74HPWML1R,11,26842864909769,VALORANT
V4GR2N4X8,1,26770428506535,お台場in金沢
D6LVY6JCG,1,26675228274916,臨時列車
KM6X3YT8F,1,26617073654843,11人いる！
K69M1X95F,15,26613785286818,アイリス
NK17PY5LW,3,26579645008442,のんびり
8YDE8BXJT,3,26367011150278,ずんだシェイク！
TJY30XBPW,1,26162465498679,gyh
4HN9A6RD9,1,26063184316335,瑠璃色ストラップ
VG03MUF91,1,26017555507320,自分用
FBA3AGJVX,3,26012415054634,わいわい
H4FK3UYY2,1,25959956013146,揺蕩藍玉
A84BK7PL4,11,25770375698083,ゆるっとホリディ
A92R69HTH,2,25406956688971,Lotus123
GW8GBG6VC,1,25304988863788,残陽の事すきすき
7B3KWKBPX,2,25002917003082,かほめぐ至上主義
G9PDJV386,1,24764301895440,蓮ノ空初心者
NEYBE8EX2,1,24761294591770,やさいせいかつ
MXKTH01TF,1,24483250908379,KTCLUB
VB9VUYC97,7,24337907481782,JIMOAI
MWT91W455,16,24323051840201,つづこず大好き部
422KR6BPC,3,23882279184962,推しを愛する者達
8ARWEB67F,10,23745289163971,蓮ノ空れぎゃ米部
F5C8MT9J6,2,23743426540657,テスト
YHFDHPXK9,1,23703934329132,野村由美子
00T3NXXA9,16,23610864902364,初心者
EAU5JTX3H,1,23519504386502,チシマザクラ
NDJ87RBUC,1,23450990904454,着せ恋
GR750NEY3,1,23416792201109,魚肉セーソージ
10YG8L6BK,1,23387611787748,蓮ノ空ソシャゲ部
9VDEWVP01,12,23340426536926,瑠璃乃の集い
2JF7CU8EB,1,23318181862052,one room
6R5WAYC4D,2,23181731572411,どら
RPM0RVWMP,1,23088678589015,素晴しき青空の会
15UKCFG7X,9,23062312088480,ろーたすぺたる！
C0PGP6F0P,1,22996613186822,歌唱？舞踏？
4WRYNBWU1,6,22968901409941,小さな蓮ノ空
LMC8CUT41,1,22544483564226,ほたて
6BGTJB90L,1,22272708048189,case_kk
U5LWLDEJH,3,22042269177596,カキフライーズ
XWBKV6NXJ,4,21872298600734,ALLSKIP
06VRVMY1V,4,21798101951649,綴理連邦軍
PTF9PLEF3,1,21635609845932,紳士服ブランド
43235R4UP,1,21486531596594,MRY
LA9AH1LHX,4,21361608349267,蓮空好好アニクラ
JWJ1UK0RC,2,21304913110967,猿ノ空男学院
9BLGT7REN,1,21216458479250,LLSP
0RG48RYCE,1,21176972423617,渋
03UX84WLY,3,21013761643121,こやんいくらぶ
6UBCUGL3E,1,20738075253490,とんかち
YAD92UYGC,2,20603352194961,蓮ノ空を信じろ
H5F25TNGR,1,20386395714097,モヒカン
7AD7G4KVT,1,20285076424585,蓮ノ空手芸部
FTUJJ5KM9,13,20268548385406,無言◎私生活優先
30YM43CUC,4,20266461360235,蓮ちゃん好き
66UEBHTNB,1,19812184969949,スリブのおやつ
4RATY4E84,6,19775070220744,DC大好きクラブ
R2AU5KW91,4,19762566612805,蓮ノ空無限加速部
KUVF6HT3A,1,19737139766740,自由気まま
RDNRKG5N8,1,19703284040419,こずかほぉ
AL0FALXTK,1,19655314240068,加能がにはうまい
487R5RVJ9,1,19638493752232,ヒトリ
7NTW9458F,1,19258838492134,料亭さやかほ処
4J35EAAHM,2,19162790961883,蓮ノ空麻雀部
RLCCC50JA,4,19114903774222,【驚寒の殿堂】
NDGW77R2V,5,19027551092292,こず花帆尊い
EHY4K2164,1,18931942657054,泥…ご期待下さい
V65FYWMHJ,2,18783759647122,蓮ノ空×アイカツ
ETAMCYHME,11,18692715994994,蓮ノ空お昼寝部
NM0LF7XTN,2,18324416785082,ジェミニ
G1AFM0R9A,3,18089216261710,蓮ノ空釣行部
H892MFL5J,1,18087962438607,蓮ノ空サッカー部
PG8N0YL3F,1,17975202918679,蓮ノ黄昏
0CT8JTRT0,1,17911893947150,センチメンタル
CW8RB7869,1,17909713461830,鯖の味噌煮定食
K3R1XY8UT,7,17890536429594,自由
YL9PDN1EC,1,17867684375217,ふくふくわんこ
DDKKFN9Y5,2,17759532166165,箱推単推両方OK
54UAWUBHN,3,17711262262806,リンクラスキ♡
HC7H303E2,1,17525588843383,Solo
0DVRLAA76,2,17426399182670,かがやききらめき
AFV2LPL78,1,17406279597686,玉狛第２
X784G0GKM,5,17362210595887,異次元から来た
38JXMDXBT,4,17314849103829,蓮ノ空WATCH
9R4E0EDBV,2,17306656351649,いいね金沢
R6XT8CU24,3,17033680198082,りんくらぱーく！
7BRUFMA3R,1,16742402086346,ま
DYA2LK0KK,3,16540557174554,ろーたすぺたる
0H64RCBD0,2,16481961588514,シャットダウン？
FVTGWWP0T,2,16346600120902,さわやか3組
YJ46VVXPA,3,16056060235205,金沢ノドグロ
B1RJE0HRM,2,15939415494138,てつP
PYFGXM8FT,1,15906618680073,心堅石穿
04D5UV5XN,1,15848821773613,汚れてゆく花びら
UU185BVW0,1,15776831868417,諜報員ROM専部
WAPV1GMH2,3,15684499834698,檜泉洞派
RMT97FJ61,4,15628664286537,まったり　無言
549A8RR3G,1,15420603026763,スケイプゴート
GBEJMUFWT,15,15299483446682,めぐちゃんズ(仮
WJ7GF9WVV,11,15073200668038,愛と想いやり
A905C8LGU,1,15069135151158,さやかほはいいぞ
L0FARL5TT,1,14927552254053,JazzPark
7DRAN8UAK,2,14882139439955,光の星
6M1V9UG37,1,14651480317044,蓮を継ぐ者
4NXJR5781,1,14561668500894,オリー王
PHLRY3XRP,13,14474436394823,とりあえずやろう
ETWL5GU2M,1,14413725846735,メ！メ！メ！グ♡
MP6R3PCAE,1,14289328543293,自分用
K5TN1RT6D,3,14255884158131,キンカンナマナマ
6LJMPLM0V,5,14183496559375,蓮が大好きクラブ
RN5BT2ECF,4,14129178904233,泥
RW90G4W5W,2,13978377046100,めぐめぐめぐ党
85BT3MB4A,2,13706197746694,こたつ
L9P7RH1K7,2,13694906051595,蓮ノ空モブAB部
N7J2R9JDN,9,13627840324695,ログイン目標勢!
Y3A3M2Y4N,2,13556688523095,サンクルミエール
NX9KJK529,11,13489093581169,虹ヶ咲学園
19W3J4UMV,2,13471859618455,蓮ノ空チア部
X8YD59KBX,5,13365095547596,16代目いぶき組
AW470U964,12,13359399520390,ボッチ会
CRKMDU2LL,2,13344149691577,蓮ノ休日出勤
HWWRP6K2J,13,13341195349939,家に猫がいます
BXGNMY466,4,13324848456402,ライグラ用
E6WR9G75P,2,13222210007954,安養寺姫芽推し会
J05PKV648,8,13199115856176,Hasucord
M1DLCR0R8,6,13151148308518,花帆護サークル
V1G3KNET8,1,12944988042409,パンダ和花
H4U8CMEKU,2,12816709057243,ドルケランド
ERED0W3TV,2,12670890235679,はこおし
AD9A9J96E,6,12577189737802,LLEspaña
24TJ9YYK9,1,12338212567268,^_^
UGRXU1VL6,1,12293778504785,flowery*
4LYVLX709,1,12258236839382,めぐ糖
FLFXP0T22,10,12214725999763,沼津内浦メンバー
7PJY920KD,5,12181302198137,むじな部
AV8JY99KT,1,12094618325367,2駅先の廃商店街
GCFA4WL28,8,12014487649297,乙宗梢を愛で隊
GMYGNRHPJ,2,12010771121854,のんびりん
HGVHHB78D,3,11991188059672,蓮ノ空写真部
41FW8E9RA,2,11864232621990,誰推しでも
WLTWDT50K,2,11862221682537,せのさえ
RVWJPM3BU,2,11612894014107,いずみっくらぶ
GX3WH86R9,1,11454675397007,ま
54JWUD9X0,13,11138610128161,異次元からの者
PMM9J5DHL,1,11100391671874,シトラス
RY00836BW,2,10963914876824,ムキムキカボチャ
HA6MUTC30,10,10817949993486,自由なのだけれど
Y5T1PGHJM,4,10601684465330,陰のリンクラ支部
67F1KB00K,3,10559614967088,さやか推し♪
85MVRVAB5,1,10556050909204,ＣＡＴの会
EURW22K8J,1,10539413923716,203号室
MV95R5E0Y,3,10522826482885,まるさんかく
UTN8134GA,1,10429733143599,パドマシューニャ
G1HBGEKAL,1,10429675925523,みらぱは飛び道具
C2M5GJD7D,3,10400503113705,せーので！埼ノ玉
UPJMD7E65,1,10390287237527,無名
F5F1K66RR,1,10359212353499,さーくる
JD541JRXE,2,10337707122509,こてっちゃん～
7VAFVHEG8,1,10313300443655,蓮ぼっち同好会
0VEMMV8E2,13,10307665627935,スリブとまったり
E34RNNCMJ,2,10236514890914,サークル名は仮
BLWGH8M84,1,10234705170708,アルカディア号
3ELH7MRPA,2,10015045765812,野生のちんすこう
P69FXJWA0,1,9894020205451,ふらわー
L6KBD6DH4,1,9891694309341,弾幕系処理落ち
XJ9EVXAMH,1,9803379050570,∑ー〇Z
29TKRJB1G,1,9632852311929,星夏
U7K5CR9UN,2,9568837248221,さやと共に学び隊
26CAPRWLJ,8,9566005721868,大倉庫救助隊
T9NYVCUC8,1,9534887427667,ねそべり愛でる会
C7L36E286,3,9406513324670,やっぱリエラ
5P8A9KP3U,1,9388552585729,＿
VVMVJE2R7,1,9381733547683,吟子ちゃん応援団
8F7629VKU,1,9276847106919,アークス兼任
NP62BXJA6,1,9252953320475,棄民の王
LTAG28AVM,4,9244745821015,蓮ノ空同好会
J1DUU3T0H,1,9160939034433,慈愛倶楽部
D075KXX86,3,9138118831842,花うさぎ
LL1WXGV5L,2,8942182036458,鉄花団
VNGFF4PY9,3,8933344555546,ねずみね！
Y7X2MNH1U,3,8794488440148,いとまき団
HU6K4GA0A,1,8735511639814,ロタテオン
PJ3NB5XFM,1,8699116723180,箱推し
158GJNXLF,1,8465319932492,Liverの集い
8WAXGK70P,5,8253546207601,CANARiA
VPYHCBY6H,1,8220143613702,DJかちまち
KA2MHJTBU,1,8219067393519,ゆばーな同好会
2YD6LJLKD,1,7979410368105,みらくらぶ
TTCRB043G,1,7940344148063,vista愛好会
YN8B5JGWA,2,7772364276220,我思う故に我あり
AVL0DW1CX,2,7739492557785,さやか見守り隊
4LLW1RBP6,2,7550298642075,こずめぐ党
3U173PJVT,1,7455020918988,with Us
L2FNUE45V,1,7452040205043,雰囲気でやる
546E85JGG,11,7414332139013,月猫ぱーく！！！
XXVVJY6FE,6,7327700114096,グレートマックス
8DY1N1Y50,1,7140401780687,まにまに
CW1FEUNC0,1,7121564881497,リンクラゆるぼ
CUAGDB62T,1,7087429190538,蓮ノ空ガノタ部
4MH8A378B,1,7082893577253,ズワイクラブ(仮
DUK0X7DB1,9,6988273992964,中国愛蓮同好会
LJNCAEVAP,4,6977272409604,蓮ノ空さやか研
U3VW1GF2F,1,6974677862540,撫子祭
T8VBF8R47,1,6890278766506,3501E
EMAN1DMK8,5,6838888942089,いつものメンバー
2J5W1LGR6,7,6837868702912,私の自由ダァー！
787P66W7E,1,6818587546229,m
2P4NCVPPE,3,6792905789548,ネギトロクラブ
V9RJPPP2B,2,6694184843769,ちくわ耳
229LK38CW,1,6674038400207,ライブグランプリ
YUJWPU7Y8,2,6615624671758,引田町民詰所
PWK02KG0F,18,6581519708352,メメントの森公園
71U58RMK3,3,6506881855076,蓮ノ空長野支部
K5RXNH1TK,1,6482733116396,藤黄学園芸学部
5GTTGM3WN,2,6387828203511,蓮根倶楽部
4DWMJEEK0,1,6317587090431,専用
71DUUW9HL,1,6303759818986,大政翼賛会
MA5PCVFXF,1,6218806862215,凛明館女学院
PYFYMJGT2,1,6216164726715,サークル(仮)
JDYW63BXN,1,6159815847091,μARLL’s
0M875T3MD,2,6148418720215,ソラネル
1EL57CDR0,24,6105342524219,なんもわからん
T0XP8PFYU,4,6058630725192,兼六園と私
7A9FXA5HH,2,5944322875503,ひめまつき
BX7W9FA88,1,5937221159100,にゃんこな
LUBV8WC82,3,5914807427656,めうめう
L3MTTE2BL,2,5912196298246,麻の葉スクステ部
0FGGRVVKX,2,5865466785887,めぐぱい党
RY2GB8R99,1,5865253984008,フレーズフルール
6NLPKL7D9,1,5855711518198,ソロプレイヤー
N3YMU1HNU,1,5782364590074,サークル名を入力
D3PGC4352,2,5780959563975,めぐにゃん懺悔室
YB3VJBCCH,2,5675166283842,愛トモの会
K2JF9P72X,4,5505030313784,理外の外
TN2M8YT07,2,5431717538590,なんか
KPVJD4A1H,2,5402040358990,WINS金沢
WM6VLG32E,3,5371840258460,ツナガルソラ
MTBRETXHJ,2,5361201248890,(*´°`*)
T6J7G9KTK,2,5354918368759,五十音
X1X2GPPA1,3,5311823500456,個人
JX3A0BCAU,2,5298947143971,かにたんく
PVWWDPBVG,2,5253444753396,スリーズショコラ
VK5AU7U2U,4,5240320258976,蓮アフタークラブ
78D55E05J,3,5237990852343,HIPHOP界隈
R1N2RU3VT,1,5171276779292,蓮ノ大三角♡
KPUYXN27J,5,5166567804771,蓮ノ空楽曲派
7B8K574NX,2,5141850815696,GEAR
9EY08NNF4,1,5129839207941,お茶にしましょう
2UJ85J2FR,1,5125495110199,マンモクスン！
786KJP4B9,1,5094431658175,テキドニテキ党
1EPV8XAL6,3,5033269059176,ささいなサークル
1L7KKJLEW,1,4888531072764,お膝枕でごろん
J0PT5EX42,1,4880507539880,スクスタモ部
GVATEX7GC,1,4799508650117,のんびり
D7B3UYDX2,1,4736276612263,ダージリン倶楽部
R8C4YP82A,1,4713964259786,蓮ノ蓮
XRAHGBY4T,1,4587592812140,明星
PF9Y722AR,3,4563367906307,うぐぇ
4HCL7BG63,7,4555903183741,乙宗喫茶店
FH6P6RT03,1,4413706197994,蓮ノ空百合同好会
EFYYG9TAY,3,4306642281422,ご隠居様方の集い
4YAV1R2KN,2,4289735423689,こずかほ血盟軍
6JCMUJX7E,2,4265604009244,同輩
TCN289LUG,1,4253101849359,空、そうよ
394UG5LNY,10,4207781917278,めぐ党大沢事務所
VNV6UL9PR,5,4156576672834,ラビットハウス
BV6N464PB,1,4137357150869,あむ
4TALX5GJ6,2,4109385443439,ライグラ体験会場
B2VJACB1N,1,4055343673798,梢先輩の後輩
P4GUGLKTB,1,3989024869624,WINS蓮ノ空
EPGGUL2NV,1,3894867983588,solo
0FC29NV4L,2,3886376809073,flourish
BDD8R1HDD,4,3848946554973,蓮の花を見る会
74E4UNCUH,1,3753184280929,フェッテ
PU92U3FN4,1,3750507894179,一人用
C8W618P5V,2,3725890372197,蓮ノ空野球部(仮
ELDXGWNA6,4,3699976523955,○サークル
E437YDN05,3,3655338115611,スリケスぱーく
AWHFXNCM8,1,3581079676163,ゆきやきゅう部
F7CMT794K,2,3557332041738,アルナシエン
CMH1RXEGH,4,3553599408449,仮拠点
7HM5REYD0,2,3540096579212,ソロです。
BG041A4MD,2,3525689028698,TK会
TLXWUR6HB,1,3497677340101,モブモブ団
17LJ910A0,7,3471169391552,蓮ノ空緩々交流会
68JHFM1EM,2,3445363272393,Spiw
HN777M51H,1,3396044253236,今泉総本舗
LV1YMY533,1,3394724203550,推活日和
5EM5JNFCN,1,3362868763348,小彗星
LHU88R0LV,2,3353390128749,リンクラまったり
X4G2LXJB4,2,3347688304970,運命の人5万人
PY4Y88935,2,3310839082969,平日忙しい人たち
1ET4JA893,5,3305376179250,虹蓮中国同好会
YPEP9P265,1,3284073664718,あ
KPABV0UJM,3,3273165519241,蓮の空サークル
F6T4HCV89,1,3260206334641,蓮ノ空♪山百合会
VL9XHRPWC,1,3217556771352,蓮っ子(28%)
7UAN6RT0D,4,3212570810236,さや弁食べたい
M3KJ1HMAU,1,3200037928129,◯in段ボール
W17PJGEG9,1,3195262146362,お気楽亭
MXN85G5KF,6,3146347170858,蓮ノ空漫画研究部
3PX54VTGB,1,3132534489519,アトリエ
Y3805A0YC,1,3082956603314,まるまるさーくる
TJ1NHTU3V,1,3081959835451,自分用
982JR1WD0,1,3059442466236,蓮沼の会
5922XL3TK,2,3056896412563,猫ねころぶ
E17AJTJ9D,4,3040766665451,楽しみ隊
V1LVUBJ5C,1,2932843712618,追いオリー部
8MJR5987G,2,2900055497259,なるほどねぃ。
0C3CUCRC6,1,2893344352192,おためし
ARF3KPJ41,2,2879099541325,夕凪P極進会
3KD9PBRLK,1,2857805141068,蓮とは
DYTW8H2KA,3,2788070004154,めろんおいしい
57WK3FFC9,1,2780702579678,黒猫の散歩道
9W2CLLUAE,1,2765230030562,星楽派樺
KB51KEGNM,2,2732176014877,アフター視聴
TRJXTU4K5,1,2722185304836,ふあああ
GH6M8L3F4,1,2696108772396,きれいな夜だね
H80CRGF4B,2,2693791200401,はっす
UKHF303L1,1,2685733119632,蓮の東東京第90
J5FJNX88N,8,2669657255306,無言
2CPVMP9BN,1,2634169281606,ナイトオブパスタ
BYRXBABPB,1,2603658651091,福音のめぐレシア
5L5TJF7YV,1,2562368527713,蓮ノ空女学院寮
WCL6R1ANU,1,2446345162494,無所属の会
0MHM887UA,2,2425945521123,円都流氓
W1DKTPT4H,2,2393882301518,儚無水木
XCRHL4A94,1,2366660711356,こんにちわ〜
KGG6VMD1R,1,2347657113629,本蓮沼同好会
A6XF7K90J,8,2309318363290,EN▶こ.こ.こ
FJV83JWG5,1,2308510356255,CANVELS
DN3NLWTGU,2,2308328487294,なゆりーず
6ATNDH9J0,3,2294885792312,浦の空
9TGLGHE4R,2,2264078977297,聖地になる前巡礼
DEPHA01DB,2,2253950132780,西木野赤マキ
B900X5JYR,1,2230450111053,ソロプレイ
MJX5YVH56,1,2191850122271,日豊本線ソロの会
2BB5YVRFL,11,2159228657702,蓮好き好きクラブ
2GWAM4TGX,1,2020447143880,パイセンのクマ
F7Y0XP6VY,6,1998856582692,梢先輩大好き軍
EDFHK562A,1,1989704470101,大好きをさけ部
M30V90CUA,1,1985980650912,零協
UH9MFGU8M,1,1970697792275,???
CYC7TE27P,1,1953335948713,ABC
R9YYELU6C,2,1950934711887,Lotusky
9RK7YXG8G,4,1941195437687,蓮ノ空社畜クラブ
30VW9U24D,1,1912252611598,Bigカツ同好会
MG2RMMN2B,2,1889931290832,欲にまみれた梢
16N3APL33,4,1869032813295,Dreamers
KU99K4MGJ,1,1806241558868,ライグラ疲弊勢
AA74NLRYD,2,1801713006841,中等教育下。
YATYRMYX2,1,1736832947144,ゴード！ド！ド！
XR2599P98,2,1730289661721,小林
5DUAAAPP7,1,1699253304853,蓮ノ空好き！
JPDRGBDVP,1,1675749316896,個人サークル
R4VYM1CGH,2,1673946905752,村立お野菜農園
X258J9JDF,1,1659650145623,プレミアム人形
5CG1W6CP5,11,1648378327787,初心者さん
T60EGV8J7,2,1626846077936,一心L教
VB1TKAHFA,4,1607181176312,リンクラ同好会
DY6Y6DLK0,1,1591956907883,徳島
X7XHWE03H,4,1507164994949,石川県不審者情報
9DHBCLPXH,1,1496776403808,circle
YBA2TDYLH,1,1487409885726,理想郷
1M0GGB8LU,2,1484724637749,上ノ空昼寝クラブ
A8RVEUYX5,1,1480358178545,蓮ノ空野外活動部
XUBGXWVET,1,1465535800817,やめました
NAJUU97FE,1,1455587190434,蓮ノ空量りクラブ
DMDF4VUL1,1,1439279206364,ゆるはす
6713P80H8,2,1432851574417,らーめん食べたい
EFF4703GY,1,1431464413693,ゆるっと
CA8EXDT4K,1,1388226911597,とりあえずの組
MPPDGVPWX,2,1353479037042,気楽にプレイ中
714X39PEL,2,1347564195744,金蔓
PY0XLC3J1,1,1346750774686,蓮ノ空城郭研究会
H1XNGBDFT,1,1327035182192,ちーむUK
B3N8G5EKL,1,1318044363944,リンクラトゥーン
LUH7URBF3,6,1310863213547,初心者サークル
MGLMY316W,2,1308223916121,強制弾かれ部位
RU340PRAY,1,1262821578794,わちゃわちゃC
FK8EUX6V3,6,1254286538485,ゆったり蓮ノ空部
HHMRTM0P7,6,1247272455817,つづさや党
X7UEBBF7R,1,1240370431459,気ままに
2HUHCWHK5,1,1226302725704,ゆずいろ
6NFFWXN3L,1,1213962451587,金沢調教センター
2CRT48K9F,1,1211726874357,花さかニャンコ
XG1BTAK77,1,1210040885444,ひとり！
CGLNW9PDU,1,1207855274892,さや処札幌店
LKFW0NTVG,1,1202161959824,無所属
5DGU3J1B2,2,1184894984694,1500
0RVUANVB3,3,1172479924615,さやさやびー
5VK6MAM55,3,1171286746636,北鉄金沢駅
71E4C04N4,1,1167140304187,蓮ノ空Cubs
8XHATTBAU,2,1098943229563,ドはドドドのド
G6KE802PE,1,1095974808346,L！L！ラ！
U3VEPLPV4,2,1093212759608,PiONA
83TGL8UMJ,4,1089802614612,しゅうまつクラブ
TND9MV3EX,1,1060903168402,ブレイクスルー
EA7H8Y91R,1,1058225125784,てきとー
A4FPUG5BH,1,1052519618005,ポケカ
1UXTTMAUA,3,1046605194458,寝そべりクラブ
CBX9962U6,1,1043435085964,トリプルデート
92DAKAG6N,2,1035266936230,鈍色の空
PT1LVG3UG,1,1034588702647,華鳥風月
MVRFVTGU6,9,1022089914421,無言&出入り自由
G3EKBADTC,1,1018119213766,リンクライ部
U82BH95YE,1,1009304396882,蓮ノ休日ノ御茶会
4J2XA79Y5,1,984179617840,浮かれポンチ部
5TWR9PV56,1,956047069505,アラフィフ
RG5YL5UPG,2,949560285782,グレープ味
PBX7VH15U,3,947836683750,因島釣り道
YM0T1129Y,1,944092634751,魚腹捕
JTJKAXF0U,1,942835058702,千里浜の砂
FFMGXLUAA,4,940062083710,蓮ノ空鉄道研究会
AT3H3J70M,1,930138653053,蓮ノ空旅行部
NB8HBPBVD,3,925301879465,アクスタお供え場
2FR8K7EY0,1,918381274377,蓮の空ポニテ部
1KYR01H5V,1,908572816619,きんかんなまなま
PUNBJGRBF,6,900816223666,初心者向け
YD5YULYRR,1,897070520860,ゆる〜く活動
W7YFDVP8A,3,895388759091,手遅れの最先端
H5EKCWG1W,1,887378705806,な
VE9CH1HMG,1,868274813964,hmm
X2C9T4GMD,2,864664276832,スクフェス残党
22PYAXMA7,1,855181735834,ななみゅー
NCX28D4VB,7,848708697066,Lyric
Y8FGTTXCY,2,844132198884,ドーナツサークル
U6D5XTT5H,2,839537912690,ゴリぶちクラブ
W9E6JNBNC,1,838532589548,蓮信クラブ
1J1PMAJ90,1,836872549797,加賀藩
5VFXP7GAJ,1,822252180188,村野村長単騎駆
6KW1V9H6D,1,808292814836,ソロ
MCKLPUFF4,1,796054730831,J⚽x蓮サポ
WE6X1TNJ5,1,790730393535,りんくら部
7688G09R9,1,785492488836,ぼけめぐ
R801YPW1C,1,776294577769,さっぱり塩ダレ
0FRFJDBER,2,776098895525,主体思想研究部
535U5PPBM,4,773169072407,かほめぐなのかも
D883F4F9A,2,764541430152,フラワー(仮)
M5P5T4TX3,8,763040651875,のんびりリンクラ
XRYH8W9C0,1,757279457818,めぐさや好好部
B9B9MFAM1,1,747045228086,スローライフ
N4LXXW90M,5,741018989475,KGL!
FM9RNU8L0,3,731346263633,蓮ノ空APOP部
EU7JEAJL2,1,728647669428,シャウトラバーズ
CEKK43ML5,1,710157971872,さやかほはいいぞ
YM0B49N1J,1,705674566970,楡井守護隊
PE34YVY4K,1,693683648820,梢先輩しか勝たん
LP3LP6FF9,1,684175578594,よろよろドンドン
G202YTPW1,11,680328998311,無言倶楽部
YUG7566C7,1,676699147731,はすおじっ！
E4187MTU1,1,672251400391,裳抜けの殻
HKTEMRDA9,1,666971389141,qq
HEPN0N8HT,1,640042906569,ベース愛好会
YA8XX70V6,1,639050328234,さやかほ家系。
PE5UX1DFY,1,638151829631,蓮ノ空保護者会
BPFAT416J,19,629043996316,さやかわいい
B5RB6PDGT,1,621711269733,サークルって何？
B2AN1PT0N,2,608154364627,417
6B79AJXNY,2,606189667137,こんめぐこんこず
LNGXT5UP6,1,605416083374,蓮ノ空寝そ同好会
K169NG9RE,1,596864959113,桜色世界
WGE19PU3K,1,596761024342,くまるーむ
M7169V8ND,2,594006502525,集
3YLAL07DN,1,573161988804,アーリーアクセス
6J2BDEHEG,1,565438558629,個人サークル
NRK4MV1C1,2,565133959267,茅バール
BHW3RTLYB,4,555307132169,カワウソ小屋
E6LTKUYW4,1,549269021669,月火水木金土日
DAGCPU3EA,5,546885531500,OO
HT8JWGTRR,1,544112242795,ひとりでも
4TE2DCLVN,1,543600810662,マッタリ～ズ
6386KU76W,1,542210325562,goko
V6AVRMJTD,3,534251626998,青い苺
X1TKJ1LN3,1,532757944879,SOLAR
DUWFNJP7Y,4,529195905158,蓮っ子北海道支部
JRFM5DW6T,2,523234280238,咲く蓮の花
GDP8VNCVW,1,517298199148,スキマカゼ
5JJKPNN2W,8,498819630948,めぐ党韓国支部
XA0XD41CM,1,496238906123,ぼっちぼっち
WBCN61N99,2,483384818706,SRK組
023D2U314,1,480830065381,ねむみ
YWY6C7K6H,1,467506517530,蓮ノ空
XULX9HEVE,1,467293342684,ソロサークル
A8Y33CALF,1,454739705231,ソロ
ACVP58JT7,1,446913672030,音浦虹結蓮
RXR8N8V5G,2,438850648653,帰宅部
YJNWBA8F6,4,437869427971,梢推し隊仙台支社
KXEME076E,8,437308523748,つづさや親衛隊
980BJWG6P,1,436337012247,マターリ進行
8AT7V1C7L,2,435569241485,初心者です
WEVLG4E6C,1,434439301918,金欠リンクラ部
ADL6KGFYA,2,434248538055,うにくん
G19FFDVKH,1,433035757240,くろけだま
H0652CHBR,2,429959834577,Kimimin
489T6K91X,1,429791949234,金沢おでん
N0HHUPL24,1,424175184275,無所属
9WNJACNNN,1,421672130749,朝雲
RE152RBRK,1,417325192240,蓮ノ空創作部
4AT31VFAK,1,416501355688,イベント用円
8WRERP3MJ,4,414246831436,ゆっくりよわよわ
R8MA3LCB3,3,413088120406,lotus
55PWTE065,30,406253404114,学園愛弗同好会
7W4PB2VDR,1,387023865650,N国党
4K26FFX46,1,383868654495,一人サークル
T4GPA20GX,1,382580430890,。。♡
D4C8UTHFL,1,382537078657,博士課程準備中
RFY8A88VC,2,382505145284,長老連合
2WF4HKKRJ,1,376276668629,迫真謡舞踊部
NHG1KW6C6,1,373121313761,蓮の空ダイアモン
FLVHVPJC5,1,370657660815,指出と指出検地
U5RFGBBTG,1,368776892690,蓮ノ空G's部
KGF0L576E,1,368677590027,サークル
1R10PD8UT,1,367075393102,オールマインド
RTRE9NG1E,1,366301677649,蓮ノ空ＳＣ予定地
58XPHM9GU,1,363443467986,神と猫の集い
TBKWAPY0R,1,357927060277,ノットドドド
02EWRECB1,2,355886253280,蓮みん
YBGGFK8G3,2,354830096787,t
FTF09PHBU,1,348086206076,だっぷとサークル
712BAU037,2,346939915424,じゃんけん同好会
41MMMCM7G,1,342392349458,いっぬ
D4T08RK91,2,338978067886,リンクラ同好会✿
1T9GDPUMV,1,327659085150,雰囲気プレイ部
6R825F7RA,1,315023281269,第２１７施設大隊
9BHYELNY1,3,314466308718,シン・エスパルス
3K4T5H6LT,1,314379040355,ペン回し同好会
YFVX33LRP,1,312604302110,(_ _).｡o
9P3D7FDXG,1,308821909018,ｱｼﾞｭｰﾙ
KVCHR595K,1,293404119581,FLAfを見る会
TTEDCBRPG,1,292202881471,あずき
0VH5R6FB4,2,283265493330,ドルケ推し同好会
8J35LPWWE,2,280123909897,もこもこ
MBAX5KWM2,1,277990576425,青いサファイヤ
KX02L31FN,1,277677905521,ご自由に
ETJJW4JHV,2,277484364901,覇王樹LL同好会
7MXXR7UBG,9,276986472456,放課後リンクラ部
WJFRWVXDE,1,275238773925,蓮ノ空情報処理部
A1GBKA16P,1,270302245318,アシュラム
GM816GWEN,1,266024124541,無課金こそ全て
HL3D7MYYG,1,264199270983,第102期H部隊
UW71GYGHE,1,257968821908,金沢住んでます
Y7WU9XUY5,1,253631225180,自分用(８字少な
GXAE7AM9U,1,252678645118,酔うソロ～
TYTTJFB0U,2,249257578941,尊みの下僕の集い
PVRH71TL3,2,248148108758,Flow'Lov
KT4P0CHHC,10,246781233964,ゆったり同好会
40BG47FLT,1,246321323260,天才＝オレ
JCJL1YFX9,1,244628610444,(。・ω・。)
D3215EVKW,1,244334914954,綴俺誇
8B1F3K215,1,241981228325,仮開設
4EXNWX95V,1,240532695045,サークル
6MRL8N07V,1,240261501072,蓮ノ空クレープ部
JTBMEXV8L,4,240249573469,ひとりぼっち
MF6GL0RVL,2,238493722001,ミジンコ倶楽部
3DP2YYXX6,1,238459080637,天才なのかも…
P285HGTPH,1,237243407627,まめ
N2V9XA8A9,1,235774788374,ねむねむ
M3D7Y6B1H,2,234724998318,深海水族館
HPFGWGK6N,1,231841116662,蓮ノ空デュエル部
5HTTUT7VK,2,229838945222,毎日蓮を応援宗
3NANDJVEF,1,229594256181,ROM
M19W0KC8A,1,226111152724,ラナンキュラスズ
UC6PKTX20,1,222823593641,音ノ空工業学園
K00A4AVTK,1,222551662342,まったり蓮ノ空
CGARMCW2X,1,221825190908,大体解ってきた
AX2GWRBVC,3,221306930737,やる気なく無気力
G89BFNPFC,1,220908175151,牧場
1AMPK2P36,1,220292972992,めぐ党群馬支部
UVGBLXAJE,2,218366860561,Liella!
PC470ETCA,1,212054078815,どうでしょう
36U4FKBM0,1,210937610815,おうぞうす
J3RFF5FDA,1,208666007966,ソロソロそろーり
4H5NDMYH9,1,206935502577,蓮ノ空芸学高専
NP8F9KU0J,1,205744209601,とうばんじゃん
8EP8BFEV7,3,204721385592,蓮ノ空女子野球部
M1XP746D8,1,203597905069,利根支所
PYFV3GWNV,9,202580143024,異次元P
V1AECM24M,1,201996197126,サークル
8K6R9L378,1,200867405597,夕焼け帰宅部
BY88H1W9J,1,197782846359,吟!!蓮女塾
DVHH1UEHK,1,195995034157,ミリしら蓮ノ空
5TBT6KTYY,1,194465796481,チョコを食え
BEUGE1GV8,2,194160341865,仮
88GYM2J72,1,193207413808,麺同好会
LJDN0RMYD,2,190044121776,Treple T
E0DCPTGEW,1,188524888338,調味料
CENJPPK6P,1,188274795443,ジブラルタル教団
C3U9M5M0N,1,188110330854,マグナムクラブ
H5UXKCM5F,2,188001138042,鼓風　金沢支部
AM7PL854Y,1,187876010632,イベントの為
GH8KWPU3G,1,187428016822,ngn
MG1P2NUY1,1,184189643975,個人用
96VF52WEJ,2,183085663491,空
P09JJKN9R,2,176752059668,蓮ノ平日
94401GCCP,1,174931092782,クローズド
EC28PB9KN,2,171517109158,梢画伯工房(Фω
CCWCNY3P5,1,171194112191,団子
E4B4ME5V9,2,170800445475,瑠璃わらの一味
9XNH0HDBN,11,169593894432,蓮ノ空∞園芸部
H1LJBTPUX,1,169194768764,36
NYKTEVT6E,1,167490501582,いまむら証券
GPCEMLK79,2,167403701619,とうふ
8MU7JE7FD,1,162777856697,ねそべり同好会
GYH0B7CVU,2,162440682211,瑠璃乃推し大阪
JU71U26N3,1,162237837737,目指すは上位帯
LUUR1D2PB,1,161235532540,ちぇす党♪
8LFC49TWF,1,159656987046,蓮ライブ！
RF707XKMX,2,159205303238,蓮ノ空ダーツ部
DX1KUEUDK,1,157898424317,帰宅部
GG3FBRTH6,1,155898021422,探検公社金沢支部
RVNAHGBJF,1,155082593003,(T ^ T)
HVJXPC4LU,2,152578344135,Mysks
JR306W0RL,1,152108248788,毎日がエヴリデイ
06KXF4UFK,2,151928476312,naoハル
C86X603JN,2,151417169283,ひゃくまん穀
04AHXJGFD,1,149394007334,ご自由に
4G729J6TX,2,149258884956,トキメキ同好会♡
H7KAMMKFX,1,148813652654,第3げいのーか。
2JF4CMH55,1,146697834906,壁際族
G8K4NUR4T,1,142952740146,ステージ創造科
3FUP0PJ11,1,141221069857,自由ノ空
G8KW2ELWR,1,140826190556,蓮蓮蓮
DMGXNKE8L,1,138861489702,異次元フェスから
HN1MGGXRJ,1,136832483820,蓮ノ空 応援団
0V75M00RK,2,135872590042,ネオヴェネツィア
3TBXTEBUE,1,134428940750,サークル(骨)
LEGF109T2,1,132565605863,フェリシタス
UXCYGR272,1,129151164617,ちぬーれん
VWL2JD4RU,1,128245923955,特に無し
72JD1J72G,2,126531454833,適当に
YBEYAFNFP,1,123444924351,ちょこけーき
TM038ME5M,1,122825072268,R200CLUB
A2N4C0FHE,1,121703726580,BGS
4BU2PJLC1,4,121669284300,Sky
PMDDGR6AH,3,120628785492,うぇるかむ
HKKCM3W4M,4,119340609197,かほ姉の集い
8Y9U68DKX,1,119155027817,箱推し体質連盟
M0HHDC9CJ,3,117985403924,自分用
G2B2TC3PK,8,115781145427,iLiFE!
FTC8Y3MB0,1,115371479910,ウミウシさん
XYJTVGG52,1,115347391725,蓮ノ空いかだ部
HPFT3HMNJ,1,114542644452,灰流うらら
DY28U1W39,1,114301916872,限界オタク
GN3TAUUMT,1,113577694658,推しの笑顔が栄養
VJ84BDCHH,1,113315526333,がんばルビィ！
LK3P80BUN,3,111386127027,スリーズブーケ党
8K30KYNP1,2,108714867857,チェス党
U4TNE7AC7,4,104591220877,AirLotus
CVFYWNA8C,2,104414657804,大阪の帰宅部
U740C25T1,4,103722486669,ごろちゃんず
DU869RX4R,1,102597278869,千の蓮
04XFK43T9,1,102179839947,あいすくりん
GMKTGU0RT,2,100979590525,フリーフラワーズ
PJN52E7JX,6,99074996385,ひよっこ
WBN7UHG0Y,1,99037141804,かぎっ娘クラブ
29YWG610N,1,98451865182,ごまどうふ島
89CA9J5NW,1,97750868727,サークルK
W15MVW2EJ,2,97243868517,蓮のソラ
0YYPWHY5Y,3,97111573140,だんぼーる
J4NTXG4T2,2,97105129662,音ノ星ヶ丘女学院
B5PCT2J9B,1,96987862545,とりあえず
CV8NP1T8K,1,95720202250,アイドル研究部
LJMD3TWBB,3,94822649965,道の駅蓮ノ空
RE994PJ2B,2,93533463677,蓮ノ空SI同好会
W2CFBGNME,1,93434798930,mud部
0WW0K5XEX,1,93338962527,くりあろーたす
W8P5VL7D0,1,93168037557,おためし
0FK11Y5NU,3,89445305109,晴れた日のベンチ
1E8TVWRK1,1,89023136522,RYO
UPNXW2A69,9,88363094228,ライグラ報酬集め
WTVG86R4P,2,87972398862,おしご党
W7XFJNU7F,2,87359608239,にゃんおうこく
2GRJ2BNXG,1,87206185969,バッテリー
ENBHEF37P,1,86877435140,秘境
J09VEX2ER,2,85864855563,くるくるポーズ
8G1UVEL53,3,85504495587,ラブライバー拓也
RV05BCKYK,2,83755369885,とんこつ醤油
W6BT56KJE,1,83119921812,カード貰えたら
8NF0R4W81,2,82784580400,地下結社めぐ党会
CL9JCBTU6,1,82510118046,蓮ノ空出遅れ組
97Y59KBF0,3,81945813264,乙宗梢倶楽部
2GUNRFTBL,1,79120885600,下手くその会
PMPP8MFY6,2,78688549600,さやかの村
PFHY0W80A,1,78632279072,HA
FVBCED7BE,1,77826657833,好き好きサークル
7UBUGF7G1,3,76572069351,ワイのサークル
YMKU30246,1,76430975774,参加賞がほしい
WA2HTGH3E,1,76365363806,つがみか
8YFF0WP45,1,75551134029,毎日がホリデー
RN8N4JV12,1,74885814707,飯山線アイドル
P4FV9YEL1,4,73188559199,料亭さや処沼津店
4W103GPB2,2,73064026094,養分
M5L1XJRWT,1,72737178992,☆
FJTEG8XV0,1,72556231770,ふわふわたいむ
51TX2LK29,3,72255739389,私たち、輝き隊
PFKGCTRJM,2,72244319493,Ⅲ類隔離所
TX85TKW7A,9,72150321591,蓮ノ空女子部
GPYBX3CGU,2,71903715978,国際グルメ機関
XGYH0T37R,1,71803662114,うみべの隠れ家
M73M4R63K,2,71609870788,壁の向こう見隊
5DNPX1ULM,1,71289618008,自警団
METTKFVC3,4,71108277423,サムズアップ村
H8YDTAK4V,1,70629280814,ららら
YAL9G42VL,1,69395236457,ラドンとギャオス
AWPK4F8YL,1,69172653062,隔離病棟
6NN3AJGGX,1,67383389932,さやさやサークル
T2G89JA59,2,66719844190,なんとかなる！
BE7F0WBL9,2,66659339639,満足同盟
LEVHY76NL,1,66437792668,トップハムハット
08HLNF1MX,2,66262491611,毎日がエブリデイ
DMA2JKKLC,2,65860350994,かわうそクラブ
V2WJURNMG,1,65851487839,秋の暮れ燃える赤
3KJT6LNX8,1,65632156735,花帆♡♡クラブ
M1RUXX1ET,1,64693182062,ひよこニキ
E9FW5VTPK,2,63850904620,黒猫の魔法使い
VEE9KNV8T,1,63836816686,蓮ノ空MTG部
JJ8EPVHMF,2,63402403335,Aqours推し
4AMB9E41N,1,63397606055,穂乃クロール
CVM9F36FC,2,63030525013,fullmoon
8HNWFP5VL,4,63020138922,沼
YCJK528P9,1,62506614431,ぼっち
TNTEEJ9GL,2,62143546244,なるほどねぃ。
96DPNN72Y,2,61317309141,とりま
YWF231190,1,61301712797,(木朱)月音製粉
1G66NAH8J,1,61038850278,蓮ノ彼方
ADV0547D7,2,60687416761,蓮ノ美食殿
5YAR2UWUH,1,60312301568,エクスグラム
79M29YPHW,1,59961366711,スリーズブーケ
DN2UB7JMG,1,58131310924,異次元のP達
GK7LC4UWM,4,58059803897,自由にやります
B10PM2856,1,57545595079,のんきな学院生達
D8CPWLGHJ,3,57465342680,あまいのサークル
1VVCPXU7V,1,57184575606,第七ギョーザ
CWJJA5DPU,2,56850221164,まるいものが好き
CXMU84PRR,1,56723104019,泥ノ底男塾
RXX0XLA5D,1,56355677178,ふたえのきままに
3U0J6E39X,1,55807492523,泥人の沼
A16RYNKD7,1,55696828788,Andante
5KY3B74UK,1,55594689136,EWS
VKVATDPV1,1,55186622131,こずかほ最高
G4MHD90WJ,1,55003248188,完全ソロ陽
WJX26AA0N,1,54780063575,103期が最強
F5RT399FG,1,54574883079,蓮ノ空太陽神ラー
TE24TWB7H,1,54358000839,CB金沢支部
1MHMKNGWE,1,53716785390,硝子の花園
4FCR6BCNX,1,53053905368,スマイル
HDD9DJVTB,9,52863298926,Lotusky
AEXWLRWVJ,1,52589348472,村はずれ訓練場
UB7145PDD,4,52273278019,手がすき
11LUT7G35,2,51634852466,おおおお
GT92VYGBA,2,51374465964,ラベルレベル
TNV8PH85H,1,50922851736,蓮ノ空伝統工芸部
C6HBJMY5L,1,50210822523,！
VMXB66NCB,1,49863596579,気ままにサークル
MTCCGYJU0,1,49843432327,りんごのあめ
VR8J8A3CG,1,49795065149,なし
XW29YGPFB,1,49629608897,せーおた
EVH6G4GP8,1,49024265189,Number_i
VLYHUUUNY,3,48994799653,コッペ組
V8PE7XEWX,2,48608276229,松任工場を偲ぶ会
5XD1B8T2A,1,48544593122,さ
KY4NEVD9W,2,48499952130,かほかほさやさや
L41GLH3BC,1,48171257238,再開発準備組合
L5BGEMYVA,1,47971016017,梢先輩を愛でる会
27PBGCDGM,1,47900581828,蓮ノ空天文同好会
GL8PF1YV6,1,47445409277,Cysqua
GJ9C8YJE2,1,46933354525,蓮ノ空大好き部
XLX3R7HBT,6,46918670517,自由さーくる
U6ADTX60C,1,46900752572,シンカーン
VKKK21WTM,1,46794811240,まったりサー
TW2M129HM,2,45919578464,花陽ちゃん
NW3GK4CAD,1,45322208526,ウイスキー
FBKL11JD8,1,45204580918,北陸百合応援隊
FYX2G9RLP,1,44622407576,ナナシ
DD4F82MDG,1,44373439761,ランジュのおごり
4EEENDTTW,2,44373289743,みらくるすぱーく
GP6E7TYP9,1,43997243288,悠久
PB3TBGV6N,2,43880262138,いちご大福
XW0EYF1XA,1,43819679318,サークル(個人)
WPCVVD72F,1,43732023322,ビーハイヴ
MWXP6RMA7,1,43602292696,月火水木金土日
NTMHE54LG,2,43467091337,月下ノ宵闇
M74P64HDW,2,43455201552,金沢サニーランド
6TH8LRKE5,2,43448122160,休日∞休日
1NY2TXEWU,1,43371747348,Syk
0X5H1LGUF,5,43048014610,バブ卒
KGBDPVHXM,4,42155482371,1ミリ手前
RBJH458MV,1,42103832364,ぼっち屋
PJFUEFV94,2,42051347101,◯◯◯待機室
56822UB26,1,42048220290,さやかほ推し
FFLK4FP0D,1,41802289947,こずかほの花園
7G23BHH2H,1,41460386214,とんと
GAVKLWBNE,1,41429668701,蓮の空自由人
8ALENKXH5,1,40683203462,さーくるりん
W96XUVRRY,1,40487820370,北陸広域鉄道部
N1LC4VG3E,1,40304354210,蓮ノ空男塾口分田
8HUPBBHNC,3,40137649100,蓮女「ぷりずん」
HGRP0LCCF,1,39743296771,あなたの傘
CP5JE6KFV,4,39457323535,コイコイクラブ
U24NA1YL7,1,39223360290,結晶世界
CBJ6YLG5N,2,39209334944,ゆるケストラ部
1BPH8ARAX,1,39124842713,（仮）
P3RALDKT1,1,38924751019,アイドル研究部
CELRBBC84,1,38497741009,墓
GB13WCFU9,2,38047767302,のんちゅ警察署
X56UR01P9,1,37997368029,梢先輩を愛でる会
9DEATVWBM,1,37680159827,金沢ゲマ保存会
NMC7J3N5X,2,37643952183,ドドド黒龍剣
HG65KRMGW,1,37405607773,花咲か花帆さん＊
VFGE08PGC,1,37280729109,みらくら推し
NLPP2YUF9,1,36917137396,秘密倶楽部
FWFW6YY1T,1,36901120755,とくになし
K0RAGWUXB,2,36386436762,のんびりや
B5U2PKR4P,5,36159560508,めぐ党集会
3FX6FXA5T,1,36039360405,さかばんばすぴす
LDC262117,1,35098214517,墓場
NRPBG5WJD,1,35024766005,てふてふ
1UGGUYD5K,1,34935806221,孤独の要塞
UFW34UBYF,1,34815519408,そろりそろり
YRVTFA8HF,1,34695523986,自由活動クラブ
7JWU8E3VU,1,34694806147,てぇてぇ
1VP74B009,1,34642576753,ご自由にどうぞ
L91N4WPUD,1,34085410086,ルビコン解放戦線
3HKEBV9J2,1,34065575329,蓮ノ空の雑草
88UCMPAAB,1,33757339912,孤城から見渡す
JXWPM85WU,1,33433119988,蓮ノ空寝そべり部
AVY8PECF0,1,33213016205,初心者の集い
12D1Y66C8,1,33056493521,どうしようか
6TP7J2E6G,1,32934631365,Orenge
ENLEJM4NU,1,32850536051,ミジん子
JXHP2LRWF,1,32615629208,好き好きクラブ員
5MLBX9AC4,2,32545505370,綴理推し集まれ！
K664R1LYM,1,32480284337,すくすてむずかし
BWM63NDR4,5,32193368884,蓮之空学园同好会
1C2GN787H,1,32180121946,℃！℃！℃！
39Y0R2814,2,32179440131,蓮ノ空の隅っこ
D60RTVUP4,1,32114914203,月月火水木金金♪
3PLMXJ3BY,1,31900909158,RR軍
TCGHNV5LY,2,31370505012,ロト6
CW0FRHFXB,1,31269956530,いながな
F2FFNFUYE,1,30963863720,深谷家
WYWGY9MV9,1,30958147733,にぇ
8AUNDYXRC,1,30101640640,音浦虹結蓮進学会
2DFG4X6UN,1,29496972689,充電器
77AWEMCFD,1,29482116302,スリブ応援
LG3XF86RM,4,29289009812,ハロめぐ党無言可
UJKBB2FCD,2,28845047423,にするか
G85JUBW1R,1,28669721058,緩りと
CFGH2P6TD,1,28514723937,忠南大學校
EDLPLUDPJ,1,28504938475,フジビュー
A19LYH21L,1,28484892263,無言
PV0H53DEC,1,28194320693,Leave me
NXAL16LPA,1,27992233437,蓮ノ空サークル
M6WXTY441,1,27956078944,漆黒の翼
J75B1B9L1,1,27921523036,そらクラブ
UGY37TYH1,1,27916685960,ロストグラウンド
9147HWMAR,2,27575857517,誰でも大好き
M98A9R3DT,1,27103522290,サークルサークル
YPPDCK9Y7,1,27012522777,ちょ
51LGC1H1F,1,26824125928,ぼっちで蓮ノ空
BYRPF8BYB,1,26682420782,8文字は短すぎる
MKABETXAV,2,26626434990,月月火水木金金
16FHNMMHA,1,26492865643,ぬくぬくお布団ぬ
NYNL0T5J2,1,26441336178,アイカツ
AWRT385TJ,1,26352657411,チーム清水LL
Y7JBBVBX2,1,26274714252,いのりまち
JK0G7KXRT,1,26063339971,伊勢海老
93WUX07LE,1,25854298205,Houseノ空
054N7CPVR,1,25821018112,部室のニワトリ。
PTJD984RJ,1,25632922046,梢慈♡じぇらーと
1VHNJJHG0,1,25443269955,さーもん党。
3TKAM6VLE,1,25315528636,Library
4ERDMUE31,1,25167390345,ああああああ
GFN8ACPAC,2,25072454554,自由に遊ぼう
YB5J3MT90,1,25036728846,虹ノ空女学院
L944RDMRK,1,24732900460,めぐ党になり隊
Y8GC9UAGM,1,24668294049,ひそかに
NY54H2A8T,2,24567090369,日本めぐ党
C4AY3GDRE,1,24556002381,北上山岳会
4WECUYXVN,1,24539384002,得意になる途中
KRLTMVMX4,1,24487614980,蓮友会
XWNXDWJ5R,2,24473324031,ふ〜ねちゃん
J7V3NXF0C,2,24044996729,GADリンクラ店
AEYCLHUDU,1,23865356196,よしくん
0CCFXC2HF,2,23822892382,Ricebird
BFVD52546,1,23810976826,蓮沼
3NRPDD21Y,1,23716546500,SoloCirc
CTYKFVT46,2,23544016998,蓮ノ空帰宅部
3DDPBCE5J,1,23356511250,蓮の空 応援
H5MEVB5ET,1,23201983340,機械さん
387J15240,3,23151289221,蓮ノ空登山部
DPYCLN4EY,1,23050578164,冥いゆりかご
88PFL7AX5,1,23036219386,流転
EX5LY4JRC,1,22794461866,ハス
ACN9XERAU,2,22783194751,スリブファン
K06JT355N,1,22441936290,明日ノ空
TJCP233K8,1,22241207690,女性声優分科会
BA3L6N4AE,1,21838288659,金沢出身関東在中
HWGKA410A,2,21650990250,蓮沼
LL3VMK1YF,1,21642818721,コモリクラブ
Y8HJ0NUEN,2,21613734287,ただの百合好き
600RPGWHR,1,21606602723,ぶりしゃぶ
ME2G808E7,1,21513200002,名無し
BAB7W6VKX,1,21198864331,まったり
VK33J3BM7,2,21109597419,有象無象の蓮っ子
36644VKJ3,1,21047125945,にゃー!!!
77R0B759H,2,20856259526,オオユウ
5561U9ACU,1,20798585933,せーので茄子ノ空
XCVPUP28L,1,20774193517,丑美津高校SI部
G9CCKEANL,2,20732667723,ヤサガラス党
UUNE2U083,1,20661699163,北東地方
8PUD7DFFD,1,20458616255,近江国蓮ノ空の会
Y0YV7Y3KT,1,20189015702,白いご飯
9YAV17UUR,1,20161795514,のんびりスペース
0DPNNUGUN,1,20106724699,猫の部屋
Y45EDXLP8,2,20067708334,新全人類兎化計画
17TAUR6K6,1,19961955668,憤怒と激怒の会
RMBU2R67C,1,19948348360,ゆるり
9LHUMBEJ7,1,19858710855,イベ用
6CMLETCV1,1,19590960929,テスト
B71BG58NH,1,19581498855,ヨーブン
GC5AH8UJ2,1,19478558088,DIA ZONE
F4NM3PE3X,1,19463047502,学級委員
HG3YGDXHG,1,19410420673,蓮ノ空大阪分校
XTH22LGKN,1,19401281254,たぶん続けます
9GEABLUDP,1,19277191912,◯◯サークル
VXYCWMVFW,1,19096614779,お味噌汁
0V99GN8YT,1,19001369931,（仮）
RKAHT9KB1,1,18929928237,ドリームワールド
7930EPDGB,1,18929811664,ミッションの為
74C8GY80T,1,18925033319,まったりさーくる
T6DNTA8X1,1,18897898878,スタート
71PW1VYLL,1,18807442263,蓮ノ空推し愛好会
6UAFKBRPN,3,18800067088,リンクラ初心者部
W8CJ1GB8K,1,18737882290,LOVE
PCLDBH5BU,1,18697333288,みらくらみなくる
P6GP69T18,1,18684844876,居酒屋けんちゃん
27R54NTJ6,1,18670636169,♥野中に夢中♥
CFK94564X,1,18659850088,ぬぬ村
3TC9WAF9D,1,18626002237,Solairis
6P87X0R93,1,18478891255,アフターのために
J4LHP2V9X,2,18407492410,蓮ノ空観測衛星
KJDNHL66C,1,18297866466,新世界
0WUD6JRLM,1,18229867889,素直に流れる
31NCX860W,1,18222532661,雪デ音無
8MGJB6FMW,1,18116906680,Lotus
RE4M8FCJ8,1,18103284153,おにぎり
CVAYC232Y,2,18081366825,LL同好会
3878B3HBK,1,17994084538,ナゴラバ
6T2PJTL3B,1,17565501526,蓮ノ空城
A56X45M2C,2,17555495941,どんばる同盟
RXG20PYXD,1,17527755745,Bloomy!
F999KJPDR,2,17391398429,スターライト学園
3X8412GRF,1,17343089055,squirrel
7279KLFCG,1,17265875429,泥人形
5T8WRX8CU,1,17214903536,217
6UGJFTAEN,1,17146878905,なんとなく
PJTTTD2GL,1,17064174881,蓮の空同好会
HVRD65BHP,1,16994363757,ぼっち
JBUP9N61Y,1,16860396945,れーざー
UELCE9T8P,1,16858382151,テキトー
445XPVT3M,1,16814308331,百万石の命の鼓動
G89DFNRD4,1,16634335277,シュンのサークル
5BBPP71B1,1,16364304675,ぴんそん
X2YN7JW88,1,16234385147,蓮ノツバサ
F6LNJNE83,1,16184861747,そろそろ
YGG4CRYRB,1,16177619788,青空の蓮ノ空
DT16UPC5D,1,16082658240,猫の額
XL1M7KUPL,4,16066472747,始めたばかりです
9UG5KBX4V,1,15958214208,あ
9RET963PY,1,15727362321,アバン団
4638YK7G8,1,15512566695,四高芸楽部
TMYMB72UG,1,15476652043,蓮ノ空お絵描き部
GEAEAE83C,1,15353996111,刀使ノ巫女
R2EUHXN7H,1,15273916320,メレアーデ
RM8AJWC7L,1,15222667193,まったりゆったり
G5410N654,1,15202366378,らじおさーくる
HC1M3NR7C,1,14911231834,サークル103
JXRJY65D8,1,14567075752,蒼壁の艦隊
GU2NY52VH,1,14549478085,ひらかたぱーく！
M0T3JUMGL,1,14518234128,めぐ推し
4KX2KDLAB,1,14377238130,越国
0L8U0FPNT,1,14356745036,アスカーラ倶楽部
J5PR6K4GX,2,14354471859,かちまち好き部
WYUH9J3BC,1,14311869201,工務店
MEUR21TPK,1,14119526463,梢先輩に踏まれ隊
R0NHP6L3H,1,14112422454,さようならの翼
07GTU1BPX,1,14040449924,蓮乃空
KDXBTCTXB,1,13838856423,かりかりくん
T8VMGLML3,1,13791098765,ソロプレイヤー
WLAXT7CTW,2,13481956752,碧
AKMHE88E0,1,13415402584,ぼっち
D0DP90JK1,1,13405275900,のんびり
5HY7WRDDN,1,13245390110,アフターウォール
VGGKYWV9C,1,13192891942,かほさんぽ
5R6WFVMJ5,1,13111898965,あいりん会
CML0G54D5,1,13045231971,イベント用
78NTNAJUY,1,12978451125,劇団旗あげ(仮)
NH81F52TE,1,12911728474,はろめぐー
LNP25PRBF,1,12889914798,アイラ•ムー
DFWX0K8J9,1,12821084237,さくらから蓮
P9CV4RB36,2,12816729968,Aの為
TYCB525EH,1,12803274096,どこか入っとき隊
7C8MGNVHJ,1,12616119483,ドンと来いだよ！
AT3WYLPP8,1,12610206547,SIDF
X5A23RYD0,1,12475790271,お散歩アイス
397X0RABR,1,12466968497,脚註アラモード
AFADMGXWJ,1,12421501918,こずぎんかほ
HBEN71JL1,1,12311806908,蓮ノ空教職員組合
G2WL65JFE,1,12301225507,さやかなた
JH85J6UTU,1,12296248508,リンクルスター
VLPNE6K2U,1,12244071740,仮
XTJU04C0X,1,12101742508,まるまるサークル
AB85F1DRY,1,12100230117,おでん同好会
W6DPTF42B,1,12090133541,まかろん
UJ1ERTNK0,1,12084506051,デイリー消化
P3BN515BP,1,12076292261,あ
3LCTFNL70,2,12074606204,さやカーディガン
M61FLLUT4,1,11956382346,泥中ノ蓮
CXPCM150X,1,11888195390,サークル
F1MKFU63C,6,11849486473,temp
1W054F5D6,1,11790674268,のんびりサークル
CN3RA5CKP,1,11741873160,ナオリンクラ
UDLEC36LH,1,11552262654,この青空に約束を
TM6TEWJJ8,1,11457720956,あくありうむ
5GLTCW4YR,1,11456573167,エンバイロメント
P4R4EHPK7,1,11415547888,南十字星を望む島
A70H9H022,1,11358684985,個人用
TF526VPFB,1,11314118476,ファイトクラブ
PVT63XUX4,1,11223721235,職員室
WD8452D3T,1,11173928437,COMPS
CEYA8U3XN,1,11160753600,蓮ノ空女学院
YF6EGUY7C,1,11157792344,そろ
738KXH00G,1,11100915374,100年経っても
W21ELWLY6,1,11021279446,オケオケオッケー
EXF8N70D8,1,11007191542,蓮之空中国分院
UHJTHDTR4,1,10908968487,KL
GYEJHDWC2,1,10891734716,すいみん部
NP57JXPBD,2,10844894051,音乃木坂学院
CMEM1LFVJ,1,10773668177,蓮ノ空昼寝部
VF7HHK72K,1,10669143969,マーサ
JWC7LBANB,1,10622645008,ふーる
3AYUW8AB6,1,10530733388,新ソウル高速
FHNJ15LVE,1,10504031737,Lotus.S
GXJJKUPAB,1,10457070524,gg
CGA16ENCP,1,10408928270,のんびり
5A880BHCF,1,10346114601,何かを斬る羊羹
LFY1X9E0X,1,10292061247,デカルト
F6H7917TW,1,10288760493,サークル
C28N2X207,1,10255851211,かんこな大好き！
NT5R9RYCX,1,10247282929,エンブリオン
AP9179DXT,1,10231030484,サークルSRE
JVX27DWXH,1,10208730860,和梨好き倶楽部
ERJ33HKVR,1,10162915136,兎のヘアクリップ
U7LNAKCBP,1,10142243881,人脈なき医師団
LCH1TVXTJ,1,10064653739,サークル名
29RY7E1KW,1,10063659643,tcybars
42P50UD18,1,10029734017,抹茶
JXUPB88HM,1,10008035668,蓮を食べる
8TXDN9C2K,1,9996518591,αβγδε
BPV7XL8F0,1,9971566981,Tee
PUT03V98E,1,9929075076,蓮ノ庭
0FP64UDUD,1,9835772615,徒町後援会
J6J9FENX6,1,9834350064,マッスル梢
UR2DL019E,1,9829980877,いべほちよ(仮)
B9UGAN695,1,9829539494,深い眠りの花
KJN99N5WL,1,9812461155,プロデューサー達
8UXWEHB72,1,9801711496,kita
GGTRXNKX4,3,9793426580,オルケストラ
UV2CLCL12,3,9774812705,ヒトリダケナンテ
U0JJLF0DC,1,9759860374,素敵な暇人の会
5E1R7JXTJ,1,9756896560,ちゃちゃニャんこ
5HHM001FE,1,9747468951,株式会社はちくま
NX8B0E73N,1,9667369622,ソロソロサークル
L2HJ46YVK,1,9650863980,徒町の一発ギャグ
GT5DKN3LV,1,9620961242,私だけのサークル
6DXDMMC1G,1,9578943778,Px67
CNA71VL13,1,9492664067,蓮ノ空Lotus
73ELWR4GW,1,9474217139,劇団蓮ノ空
V29NBHRHL,1,9446921168,自由気ままに
E7BN42VM3,1,9390382427,みらくらすこ
W1KH5B28F,1,9388967162,シオンさんの部屋
E719GTAYV,1,9383313366,めぐ待機室
JP1DL8MRT,1,9370866501,花咲かせ隊
FYUP08C40,1,9370521927,株式会社:大沢
R823XDC14,1,9354588347,Legato
WELEE7CGW,1,9285867872,さやかの靴下
T51NH4VDX,1,9254337281,のんびり
1JR8TL0XX,1,9226793767,ザ・マイペース派
HD2RY13CG,1,9226034999,オレンジピール
PG2NURUKJ,1,9221725844,へのじサークル
YDLF300BV,1,9169265732,GREEN
KLW9TT5TB,2,9157899027,あくあ好き好きc
4WKMNMJNB,1,9147086874,勉強中
G7C4BPUBC,1,9090313197,蓮ノ空すこすこ部
9TF5YDRFL,1,9086509117,蓮空山岡家同好会
4UM4MBM8N,1,9012869906,蓮応援宮古支部
C715VAD52,1,9012854204,お試し中
RTULW2HH6,1,8992874845,自己中騎士団
PGF5BN84T,1,8967495715,板橋末っ子の会
3FYTRGBEJ,1,8888263955,ソロお試し
9PF5MA59P,1,8753695511,めぐ可愛い
99ETDV6GL,1,8752107450,村野推し
D2V19CM18,1,8723074571,さや推し☆
XN8746T7U,2,8622742380,@L1nks
F3RPT8YYH,1,8592227493,蓮蓮クラブ
FEMP8LETY,1,8535037098,柑橘色好き好き部
M4E1LX8B8,1,8491942866,こずかほ〜
151T5VP5D,1,8490480003,ひとりぼっち
JX6D6TL96,3,8456745384,蓮ノ空武蔵野支部
KR1MBWNCE,1,8440211004,ぼっちざ 3rd
B216PY7KK,1,8371494788,ゆるゆるり
J4R8W2ERA,2,8115632375,ゆ
RTNWHX235,1,8113331556,Yurina
8M5MVFTRW,1,8103193046,テキ・トゥー
8FJUHRWH2,1,8017481196,兎の髪留め同好会
CPWFKH8JM,2,7945528506,私の部屋
7MFVNY6L4,1,7945194336,アフターヘイブン
4UKGWTN1N,1,7940804495,ゆったりまったり
WK5U3DNHF,1,7938657729,蓮ノ食堂
JNL5NM6EL,1,7909633683,fyyy
5YC6VF1VM,1,7874368845,じゆうだぁー
AEPTBPJTD,1,7843476398,サークル加入用
GW8ULCETV,1,7821143120,気分上ノ空男学院
YBP8W8649,1,7781314066,自由にリンクラ部
YPGD2XTMG,1,7773058347,RCB
AF1RTGH2W,1,7768143712,ぼっち丸
WRX7XNV5M,1,7767621808,Polaris
FLP972WR3,1,7681410353,練習中
K4KFPVFP3,1,7657768976,村野同盟
TMPBJWE3V,1,7648329436,ラブライ部
E0J3H9A08,1,7633702554,ぬん
16K4DG9HX,1,7632548757,囲碁サッカー部
71YH43YW2,1,7603841286,りんりんりん
YYX2E5NKU,1,7601419395,ぼっちザぼっち
LYXVXFWW8,1,7568928314,花帆推しクラブ！
CYNFHNND2,2,7529448570,（＾◇＾）
AK795AE43,1,7516570364,ハスハスしてきた
1PPRTCGX2,1,7510773446,ソロお試し
WVCV14LYU,1,7467680593,初奈大人的狗窩
KYYFVLMHG,1,7460264351,test
Y6C1WLJ6F,1,7440383484,LL_EN
8RA5Y15D5,1,7385312811,蓮っ派
L0DUDXTUT,1,7330380543,アレ
Y1X4EG18A,1,7315339905,うにょーん
5E43J79Y5,1,7247094405,綴沙耶
3GNATPTJH,1,7237281868,めぐ党 千葉支部
25NBRL7Y9,1,7223873773,蓮沼
1T9R3NJ18,1,7213549842,めくらぱっーと！
R1JTWMPJ2,1,7210097687,ぴゃー
6BNAV1VJM,1,7202460154,TBD
52FRF8UFW,1,7172147972,コーヒー慈ルク
VKW1GNAPL,2,7165299737,伝統を守ろう
76RRURK4N,1,7151348437,ソロ専用
1FU9E90BV,1,7144720115,あなたちゃんズ
0BG1G97XU,1,7125245838,まるまるサークル
LV51699A1,1,7113732874,餃子の満州
PY575WGM6,3,7113558880,西瓜汁
N57VWGXGK,1,7098208435,はなじょ
L8P92099D,1,7027373649,中日ドラゴンズ
HBU5TBBGA,2,7013953716,もけさんず
3L9R1604N,1,6933353484,頑張る人は美しい
R0GT72WB8,1,6898553675,リユニオン
J8C3P7NVN,1,6836856176,箱推しサークル
ETA39VRY0,1,6805510859,△○仮
04G7TDAY3,1,6729093282,むすび丸１世
NMGYE73JP,1,6717010025,0
PYUNRKPRM,1,6716968523,tmp
RAXHF9WVD,1,6685422990,ちぇす党
0L7A849RH,1,6666496689,仮
J44XXU43T,1,6660497599,みらくら教
FMKLCT6CF,1,6636066062,ドルケポーター
FMX18M4EL,1,6635861665,はすの
9LH39LBCK,1,6634459782,蓮ノ空京急同好会
7KLYLRUDK,1,6630361890,蓮ノ空水族館
FA0LCGP8K,1,6624556340,ゴクリンコ
X642BX99H,1,6553447617,レウレリア
6RF9XY3GD,1,6537837768,さやか部
H3PE5XXM4,1,6487853534,白糸台
CPW7TWG99,1,6469077934,Lotus
14UC9ML0N,1,6457107138,ゆるり
TU09UE4CK,1,6450570879,りえらー
TEP9Y2CN6,1,6446794388,ソロソロー
JELJU33D4,1,6430290940,蓮ノ空同好会
GYV9B490G,1,6392360067,方針は未定
2J6PVJ9D9,1,6378002618,ブラックロータス
9JVBKD2W0,1,6338049356,ねこねこにゃー
Y7B10LDE8,3,6303963040,蓮の日常
JJCXTT85M,1,6261775806,コミュ障
CENWE1K5E,1,6259999390,無課金
F48D0K617,1,6238374054,蓮スキー犬
9D1P6AXUR,3,6210544278,link-er
HNGMTKLYK,1,6111426590,ルビィ
3YFMY7JP6,1,6100400307,masafumi
EHXCUMC9U,1,6021580194,十六野村
F0292W7TD,1,6012182194,ぬぬぬ
5W9UK1KAL,1,5972649836,蓮ノ空数学部
T03T2W3UX,1,5951080878,N.K@
5RE5JHHAE,1,5919961331,デスティニー
FFEFNVBD1,1,5908583169,AZUNAランド
66CJCABRN,1,5890718095,週７ログイン目標
3PFH9LL4K,1,5889748892,参加賞同好会
934WPTP8R,1,5875108008,ラウドロック好き
LYYHXG7NT,1,5859200721,蓮女労働組合
3XCG5FGTR,1,5853622139,test
B2AA8TUY7,1,5837043645,瑠璃いろ乃空
N45AC292K,1,5805756164,蓮ノ空帰宅部
K0K0V24GY,1,5763377158,愛おしきかな
4FLY7TX47,1,5734651834,まる　チーム
89K2PRDC6,2,5734273176,つづるりのなかま
AHBU0595R,1,5717550621,DCSSSDC
X77KULPCG,1,5708919628,鼓門(仮)
TJCDFNMCX,1,5676156473,無言サークル
JLKVK4MY7,1,5663535569,マッタリくらぶ
9YAHUCY7J,1,5632993190,ハルカ
U55TMKFLF,1,5572084574,どんたく蓮ノ空店
T2C1FAEEL,1,5562099180,新生ネオ・ジオン
1JPLHLE2K,1,5544776376,急いでない。
YT67BAL27,1,5527732756,ツールド蓮ノ空
G76W0MVXF,1,5495332383,つづこずめぐすき
EDGYH62K9,1,5478587788,清掃美化委員会
BCXK12M1U,1,5476227779,awa
4M3391L3H,1,5462484378,好きになってみる
29DYKXKLR,1,5460329332,中国熊猫妹聚集地
U44F8RUU7,1,5451013919,ボッチ
08UFFV3X3,1,5440938348,ODEN
YA55R3HCH,1,5386870323,初心者
V1NWJLRYR,1,5381124305,蓮ノ空連合
H6A9WG5V2,1,5374319394,ちゅけの輪っか
LC79PKMKF,1,5362615567,りんご組
YAVY1XCNP,1,5341804527,さきほこれ
X0WB1EP9G,1,5312348547,つぶあんおはぎ
NP81N8ENL,1,5301388099,放課後鯵フライ部
UFAC8AXJG,1,5288006954,朝食はごはん派
E9RABCUL3,1,5269174759,真鍮の真心
VWVJ9BHYK,1,5238580417,103最後の自用
U1M6T5C7L,1,5237718313,寝るるん滞在記
68D85ENKD,1,5221295526,せーので蓮ノ空！
LW4YF6WX6,1,5151139333,ゆるりと推し活
CDY5ND029,1,5150150147,鳥もも塩だれ定食
68MTL2RGE,1,5140342527,スクステ沼津支部
0GE1226DU,1,5113067329,金沢@愛知支部
VFHCANCV2,1,5069617326,あ
3WVU6L4B8,1,5056516926,明日ノ空
PG93BPEY6,1,5047172241,秘密結社ナニトゾ
612KFM25E,1,5039736134,☆☆☆
7W66KAFEB,1,5007318679,ログボ勢
L9MR6PF86,1,4997756902,猫の惑星
633TRP0GY,1,4984341261,酒好き好きクラブ
JLW5AUV36,1,4971915822,1人
8VTJCPM0T,1,4931967316,レッドショルダー
AJRNP2E93,1,4920942203,HOKKA白エビ
N6Y2K51V1,1,4911183081,グランサイファー
Y3GL9RTWP,1,4891150647,孤独
Y7M12068T,1,4832927242,ドルケ観察日記
Y30CDC8NY,1,4742411678,ジャマテグ
F4M2CD1U8,3,4714674039,梢中國同好會
L8PGT1NEJ,1,4694650848,上海交大偶研院
A5V7XPC07,1,4690939664,琴子大好きクラブ
MVYED4TN7,1,4687834808,箱推し紳士
4V1HD9MWX,1,4652443137,国道ハンターズ
1CHL70DKF,1,4630858466,旭化成
93HLXUHVV,1,4627940323,Fuhua
G4AJPEJ97,1,4601672946,シングル
EKTJ1PUR6,1,4583740236,カリスマワールド
8D52WXVEF,1,4578010386,元乃木坂ヲタク
DHYLEE8EN,1,4508633315,とりあえず部
FAMWB4NL2,1,4500795678,ふわふわ
H691U738B,1,4482646376,n-notes
YABXAFRG0,1,4449313923,ハナタバウリバ
GNYPXJ2BU,1,4448471275,プライズ
NVTUPU3N6,1,4445892932,蓮ノ沼海浜公園
LRKPMCYFL,1,4413866151,好きに自由に
U3J0FJKKL,1,4406141464,蓮好き好き
P79WMTH0J,1,4402790100,びぎなーずらっく
4GWA0DFUJ,1,4375193016,蓮ノ空支部
TPDYKTC2A,1,4351405654,イベに参加したい
7GB9RU6RJ,1,4348092133,報酬取りタイン
1BD6D1DE2,1,4339145055,蓮っ子かほくらぶ
JBCC8NFRX,1,4333196519,のんびり応援隊
UGPRCTA9F,1,4318270971,YRSリンクラ部
KW9K8TL2V,1,4295609855,一人用
9UA1G4YRP,1,4257961154,カボチャのプリン
P71N9294U,1,4246218294,サークル(仮)
VWP341FAG,1,4233955089,かまぼこ
DUDHFR1W3,1,4193163635,そろそろソロ
P7VJ9BTU0,1,4120601802,ヒトリ
4BM3X7W36,1,4120536427,ラブライ部！
5HK79LMM2,1,4088050386,自由庭園
CWXPKYDGU,1,4083793840,ホワイトロリータ
N8U60CT8E,1,4058786572,pixel
WG683AWU6,1,4055082180,東城会直系堂島組
XLR23XPGK,1,4024978754,テステスト
F02VGJVCW,1,4023235074,てすと（仮）
F0DFY9N9C,1,4011542300,ロンド・ベル
6CLTCLEVT,1,3972186407,猫屋さん
MWPAL1AET,1,3970960007,1人用
JY5D932W7,2,3964939689,粉骨砕身藤島慈
1AXNRVY5J,1,3963741968,ガンバ大阪蓮ノ空
VEA3655P6,2,3960486004,蓮ノ空女学院分校
33020862K,1,3954363189,かしこいかわいい
W2LL5D78K,2,3951275352,宇宙最速のバータ
A2N8DBTB9,1,3922941505,ハスのそらクラブ
FTM3JB79M,1,3870571494,初
M4B9VNG7R,1,3815025795,蓮ノ空SIクラブ
MRPATYXGE,1,3799092008,蓮ノ空顧問会
7KNX3A4TN,1,3786011766,そろそろ
9WF9MWWH2,1,3784779776,蓮ノ空漢塾☆
FEC783VWR,1,3768755639,にわとり心臓
3DTVFRTH7,2,3763642006,フラワー協同組合
CHRR1ARHR,1,3746186723,さやを応援し隊
D1590FXAP,1,3735520380,ちょーさん団
EUXKJKXP9,1,3725493181,ボンゴレ
38WF15C16,1,3724778656,折紙物語
0L35JLBPY,1,3708519042,はすはす
L6P040D0G,1,3655425237,GJ部
2HXEP736H,1,3637102760,ぼちぼち
37XRH86KU,1,3631642372,とりあえず
1CWFDNDLL,1,3624257808,流しそうめん部
ULN89J855,1,3608116281,イ尔女馬
1RD7YE1P2,1,3567623500,かふぇ　はすそら
4RNUXBXGL,1,3535063391,みらぱ最推し
371J8LWJY,1,3529412243,蓮
UNVDR7TR0,1,3506080120,かほにゃん倶楽部
5X39Y4ED4,1,3495553538,蓮
HPRXDRADM,1,3488908677,s.o.n.g
1CH3NK9UJ,1,3465577369,未来ガジェット部
UWUG7XK9L,1,3459061792,スクステ同好会④
UMNEWH0FP,2,3450997234,退避
RYKUNH6CN,1,3409350866,建前
CY7BY8VKM,1,3408177558,蓬ノ空女学院
TGLXAU8V6,1,3408007975,雨、太陽、風
WDK6AXBEW,1,3396772821,仲良しクラブ
0PU7WB54E,1,3377381771,キング観光柳橋店
9YRT8FBLL,1,3376970934,ふたばみつば
N5Y24VNFN,1,3374883408,個人
6MGN82KBC,1,3372603478,おさ屋
ADV5B17VN,1,3370984893,蓮空
AWD4726F0,1,3363845549,スクスタ難民
DUR1HCEG6,1,3359785505,さすらい
37DB0U3WN,1,3346966207,のんびり
LUUPDMG3M,1,3342521301,はくしらさん
VK4MUJ16V,1,3327290079,鉄製ダンボール
7WTD9EH7V,1,3315578789,カピバラさん
WE9N74D6D,1,3312619115,あにまるサークル
E7DC3WM28,1,3302912062,あ
A6PHBLKB9,1,3295067136,ムラ村ムラ党
VHPNY1426,1,3270599175,ログイン
4XRK1Y0TH,1,3249026629,ふらいぱん
FPWB11WF1,1,3248473789,ぽいぽい
0CWLHPYY3,1,3233042332,茶房ふらわぁ
VAM2DGNGV,1,3232221345,百合
VFEAYTXK6,1,3228055088,Lv.2
V1RBD608N,1,3210319574,卍阿闍梨卍
C6EF8JDXN,1,3208595003,グラム
CY02L6P79,1,3176804436,ほ
LHDVYA6RX,1,3147594304,グリモアの集い
JUR1D0LRC,1,3109815819,YRP
NKD13JE25,1,3093114539,繚乱蓮ノ空
GURJ71UCE,1,3079309123,おにっ子
MUJ3Y4HBJ,1,3069842190,個室
LPDKB5T8V,1,3021638739,日常が忙しい
2T2B88RK9,1,3001909813,アフター見る
Y3ALWMXMP,1,2954417129,いぬ小屋
2HYNGG9PK,1,2939967249,ソロ参加
RYL8R9U5A,1,2935567553,創世
MVXVDEP6F,1,2918850702,まったり
GL2MWT0L8,1,2918153990,For Fun
W0JAK2W58,2,2881730861,夕方五重奏団
EX8WX1JY7,1,2875728088,蓮女ふぁいおー
D9BV437YX,1,2852941252,ハス見習い
0MNV86F1Y,1,2847255828,私のリンクラ！
07H31WXCN,1,2842091190,のんびり
BPC7XPNJG,1,2837289192,ゆっくり
7WUYE3E7M,2,2807181902,にゃんにゃん
K182YX4GG,1,2802571877,クレゆら
CYY8REJJK,1,2801044161,┬╯╁┴┤┌┄─
DF6RY3BXN,1,2795935086,andante
PEKGX9FL5,1,2787560292,283プロ金沢
X2U3T52MF,1,2783613046,ONE
YLFDF7K69,1,2782987279,超内輪
4CG7FRNG0,1,2761419412,蓮ノ海寮(仮)
EMVPJTR2Y,1,2742082416,ぼっち
UV8K777HN,1,2740656272,そらまめ
BUMKNLWVG,1,2737730309,ミルク王国内灘
4M72V623Y,1,2724496167,物語大好き倶楽部
GFT6PFJ21,1,2707969485,おきらく
7AKUCYKB7,1,2679442657,極限流空手部
5R0HJNPAL,1,2675250715,わ
CVLAJYBTK,1,2649981680,さや処
4K5XU7BJ2,1,2639188262,かっほかっほ亭
2JY96DK53,1,2633914691,ねそ
M6NUAVA16,2,2614545258,どうなんのすみっ
3YD4G47E2,1,2612036742,.
KYX3JNA95,1,2596155360,無言でテキトーに
LR4FT12JM,1,2592728845,COAT
HJ2UUBCPB,1,2571938857,English!
8JWP01LN1,1,2559606463,村野村の友好都市
UYYAUXK80,1,2546903543,茅葺き屋根の家
VUY2B6P0F,1,2540025316,エンジョイ
PMT7AK76T,1,2529825136,一人部屋
7JW46B2LH,1,2520920283,ひとり
VWE2WNWWM,1,2500324803,金沢市民の会
CEKE7MRMF,1,2478693273,RDS
66MEVGTTK,1,2446761056,負け犬の路地裏
VKNVG1K0B,1,2446028015,おさかなサークル
PJHWTTWY3,1,2442032496,蓮ノ空⊿6
15CDERH19,1,2428144170,蓮ノ空帰宅部
UKE4LP7GT,1,2417403167,クリームソーダ
NTRNXXKX6,1,2413707458,ハナマルの世界
RY7B87YA4,1,2410697371,Tsuzu○
BM7AN9RM3,1,2390588347,めぐ党静岡支部
9FA8T0L1N,1,2346881350,お気楽まったり
P8MG4WLB6,1,2307273022,ネオ
UVGHL7LG6,1,2301739120,Lotus！
FPJ6XJYGW,1,2301230362,蓮ノ空葛飾支部
7C0LC5RFT,1,2277875498,^..^♩
V5PGMM8NA,1,2263210410,チェスト
5LPMNWE9J,1,2262909030,オレンジソーダ
U8LHYPLV9,1,2240454507,蓮蓮人中国同好会
2TJ0MD5T6,1,2218765879,Yohane
YKKPVFTWB,1,2204721120,蓮の空スククラ
2B86GLUK0,1,2200550871,新党カクメイ
PDRE85T01,1,2160209704,アフター用
80NVTNUN1,1,2159912675,bco
GUP7XV767,1,2158953143,嶺堂商会
CKEJX38KH,2,2149630600,綴理かわいい
PEGCK7VY3,1,2148382064,ハム星
JULNW7X13,1,2142452237,ロータス
580WTT2T8,1,2137235110,乙宗梢推し隊
LA1R8LJTX,1,2132511552,どんぐり
H1J8Y6T3B,1,2129786234,蓮の空
4ELC156LH,1,2128389019,さやかの犬
B8J78ELKV,1,2126134260,はすはす
6XT6Y837L,1,2106012164,超新星めぐ党民
86HJ2R1H9,1,2102221555,244
93UFP012L,1,2100812435,OYJ!!!
8PY7U19C9,1,2093633879,き
6JFCA000E,1,2086560663,ひとりぼっち
DN7JYXDXX,1,2075804652,まるまるする会
UL7DYK8XE,1,2056553420,蓮のエニアグラム
T9LWWNWY2,1,2051421661,とび爆ぜっ
KCDM7GKM3,1,2019267385,能京カバディ部
KNVJVD2UG,1,2003516485,地方から応援
M8PVNJM55,1,1976865390,俺はソロだ
JB01LAAYT,1,1976862988,はろめぐ
PVGD7T69D,1,1971713367,どうでしょう!
WEXP8MADJ,1,1970837202,つづりのおでん
0XP0581BH,1,1965738058,迷待機室
YH0KU24PK,1,1955352124,スプーン一杯
KL0J9MW93,1,1944350066,こずかほ尊い
X54KJ9NG9,1,1929857508,こくてつコンテナ
1KE4VTNWL,1,1912320590,DMPリンクラ部
D5YC75NF3,1,1911519383,畜群
W12UKB0RU,1,1896480580,Kozukaho
L28WXT3FD,1,1880821241,オーガポン愛好会
JC1YYRXMB,1,1879630972,フリーダムな蓮
PNKCBFP4B,2,1845178214,おばんです
6FR9PUDYC,1,1819240600,鯊鯊森林
0CALLC364,1,1818610257,flower
MYBMY3EC4,1,1782650401,まったり
V9FGJWYKJ,1,1770136415,ソロ用
X7PBM30RV,1,1769060643,蓮ノ空を見守る会
4M3NPWXN1,2,1768271955,オーシア
3EMV4F69U,1,1761892518,梢先輩を見守り隊
43HV8EBPD,1,1711532534,マリ―ゴ―ルド
UE7XN07MP,1,1707609043,炎之阳分部
E70HVW2XL,1,1696701586,のんびり
T5DV6HEKF,1,1696569264,遊佐の会
3UNLYR8RY,1,1688427431,蓮ノ空ぼっち部
9T4VJXJ01,1,1679965837,おためし
1W7CP1WWJ,1,1671213044,さやか推しの会
T4ND02HBX,1,1665082677,ことヨハランすみ
X976NB85T,1,1632033701,ゆったり同好会
552M16LN2,1,1626383986,壁前は嫌だ
R8XF6Y813,1,1622196885,Real.
DJE5GDV7B,1,1617346842,究極戦刃
0TUKBARTN,1,1610052801,楽しくリンクラ！
8BE94BEAJ,1,1565393218,第三銀河
CY5794BMR,2,1563540945,ボクの赤と緑
FYYCPJEKC,1,1551136609,石川の女神
NYR9J6X4A,1,1549679859,初心者です。
48Y0H3H61,1,1549394155,ヒトリダケナンテ
30KA132C4,1,1536780849,*便座
KVGGY7J8C,1,1533991605,ドリームチーム
GU3LGUC6N,1,1531113544,ドルケス鑑賞隊
69PA9MXRL,1,1512700686,バースデー料理部
E55XDF1PX,1,1492565592,ぼっちえんゔぃー
V0P05YNK9,1,1488976997,初心者
12KVAFYW2,1,1488720048,217find
1GG2UATL0,1,1482611864,ソロプレイ
R7U6GPD97,2,1455562149,夜民
9CRY10JFL,1,1452227377,さやか推し
W2MAGC4EG,1,1424814766,ぼっち
4TUB3M5AL,1,1402859408,猫ミーム同好会
P31MU804F,1,1398897445,_
B2DVTVJL9,1,1394747198,みらくら大好き
NHAA6WXVA,1,1378988470,株キモ第二支店
GHP9942F3,1,1376119961,御徒町
P0NKCE0HX,1,1370741562,rnfakd
CTVU0JVDP,1,1362330676,蓮ノ空エレガンス
KK166BYL7,1,1320705873,蓮女応援有志部
8TNGLVAHN,1,1309724080,北の辱め
DDD0CFD5J,1,1307225530,おやすみ部
1HG3PU6UA,1,1281508657,みらくら倶楽部
3AVKDDFDW,1,1276503323,カモメの日の読書
F7WMY4FJF,1,1274455854,超獣攻撃隊
P6WNKRLPM,1,1271345615,利島むら。
8T3BVWN6F,1,1242813441,目標1500位
4XM2PHXH1,1,1241546049,ラピスラズリだよ
7PVLPPE31,1,1238628042,ハロめぐ支店
KK87H4HVJ,2,1207094863,マルマルサーウル
D6PT2K1D2,1,1200737233,メグミ会
LRLV3X3RT,1,1196356548,なし
UT96RFNVF,1,1192036764,碧陽學院
69LBVUA8R,1,1184129831,姫芽、さやか推し
E89P0BBCV,1,1169021840,あなたのサークル
3CLPCFRYP,1,1162487339,ジャングルだぁ
TBFU5R6H1,1,1160186825,明日ノ空
KX8G69G6H,1,1132727598,自由
JNLLLJAJ2,1,1088000604,蓮は尊いんじゃ
CJF72KJ6W,1,1080047399,紅風紀ソロ
A135V4872,1,1070297312,しいやのサークル
CWWFF81U6,1,1067207349,ドルケをすこれ
6L409N4XE,1,1060527081,リン活
7UR7P9WJF,1,1057438588,testing
LRP7AHW5N,1,1040172912,ゆるはす
0CY93XRDW,1,1040018785,仮
W7XCU6AYH,1,1029070049,蓮ノ事好きクラブ
BMU2XR32T,1,1026491930,インプレッション
VNEF8T7BC,1,1012541235,白夜
HTNXH1X79,1,1008153192,自分用
D458KNH7A,1,980259613,MEGUTOW
4C2W8V139,1,973855152,自由なめぐ党さん
7WYJKK634,1,938292521,みんなでライ部♪
7XAXY1P8A,1,921262292,沼ノ底学園
37W90FGW8,1,917502842,。
8KH5HV93T,1,911282945,一人ですけど。
9RXCAJCF4,1,910436968,青二プロ
1M235MULF,1,909805601,七尾鉄道部
7ATBLJDR8,1,886986938,アイドル陪
UM76AWB16,1,878236373,Hibiki
TP5VU0A1R,1,857910110,
91WJMNW5T,1,847028298,くじら箱
BCFMPKF2B,1,831899758,とりあえず作成
V9AKNJ1E5,1,810866876,銀座に志かわ
UGPD1HHDU,1,806022350,村野さやかFC
MCFN901TJ,1,800945371,蓮沼のドロゴン
Y63R69N41,1,791465706,泥沼
EUV05RK7R,1,773582543,にのフレンズ2
2D5U098DB,1,769384577,さかな
2YBBLUY1Y,2,765717895,ふんわりクラブ
BRXWKVG6W,1,759220906,くるくる
5XDKV30X2,1,753801911,ジャンボリー
TA73AYYXE,1,747850071,めぐめぐミルク
T2DP9PYJC,1,744324103,ヲタレンジャー！
D8APY2G9W,1,741511435,めぐルリ好き
6CE6UCTJE,1,718627762,ソロ
UJP9T029T,1,705892508,哲学者議会
3B58M2YUM,1,705536247,サンプル
HC7YH0JWC,1,693524529,ヤッホーKAHO
X2X4MPKMF,1,684607732,ゆるふわ系
RJKEXJ7VW,1,663856233,墓
GYBERP62P,1,661994771,乙宗梢を推す会
F5XJ40VXD,1,634157875,ココロの旅
B4B2VE0F5,1,627861833,気楽サークル
BEAJP9KLV,1,617443004,B-LAGOON
CF9VNA4P1,1,616699496,クロハス
3PRDF7JK9,1,614586450,カップリング部
M68CJJFGP,1,598536369,k
RHXW7UU4L,1,597056439,ソロ用
FRC9XX0XM,1,596401519,Doll.ENG
6531MBM0X,2,590766343,のちもたーズ
YR5GV9UAY,1,589249932,ユージェネ
L5899D6LE,1,588368060,トキメキ欠乏症
NU7DWEYT5,1,588267525,海猫亭
G46VKLHUU,1,586468596,ソロ
WKNYE899F,1,563515633,蓮女探検隊
BXPWCDYWW,1,545708969,無言フレイ
YHC5DF3Y4,1,536063905,身体が
ETH0F924P,1,519594153,さや好き倶楽部
4B65MPTJU,1,517817845,めぐ党　社畜の会
5C8K2YT4F,1,509512491,セレたんず
JR5X247A9,1,508862909,イベント用
HYWAK9FLH,1,508104588,ko/ko/
JGHN1E2WG,1,499477212,REDLINE
FJVPNBUR9,1,496165672,ゆるらるる
1GWLJH68X,1,489435277,☆村野さやか☆
DNLYBK66L,1,481051379,お　ま　た　せ
YUP8ED72C,1,480547464,57期めぐ党
YRXF4JGD8,1,479760833,ゆる蓮応援隊
N5WR94M8K,1,475470314,梢ちゃんに甘え隊
6JMDE20EE,1,462071974,ゆるくまったり
DYAMB6AWK,1,457942382,コスモワールド
4D3MJE0K4,1,445000809,つづり観察隊
3JY9HHWJ8,1,444021866,FC.RaNa
JT9JDYE24,1,425927311,ww
FL35B1N36,1,409922879,異次元たまり場
M4WR64W2D,1,408545002,檻
AGEG9KDT6,1,394446334,石川事変
TUL5PCUUX,1,393555689,やがて蓮になる
0TCF0A6Y5,1,391904382,泥です
44WRYMPC2,1,391131184,推せる時に推そう
WJ6N1B25N,1,384610915,クルクル
HY3FWX1GL,1,369537137,ラブライブ初心者
82N0BD8L7,1,367449725,ドングリ同好会
5KGJX6VWP,1,363529258,花帆護(過保護)
RV6GX8LNL,1,354951498,安野家。
1K2EEX9VR,1,345681830,さちさちさちさち
7NJRGT5M9,1,344056498,はすはすのそら
YN53LHK4X,1,336068576,鳩さんサークル
H6W9CXDKB,1,333636995,ワイワイ
0KFHMD1XU,1,329551077,仮
ETGJELC95,1,318269019,蓮っ子ポケモン部
7XXYN3Y8N,1,310359823,全国水平社
KWGW754YF,1,308692532,蓮の空北海道支部
148MT2DLT,1,304847143,機械が壊れました
4KFYHHCUA,1,297956203,あした天気になれ
UKP0UT5DF,1,288971507,【株】おになっつ
W0V2DEMVX,1,283715528,さや好きクラブ
KGFV7AB2J,1,275572818,石川県立図書館
FV045G54P,1,270142180,初星学園生徒会
GMKHMYWV9,1,268999447,マイペースに
ET545UKAR,1,268247882,105期生
NRNXCA4NN,1,268187838,めぐ党
00FXJB9B2,1,261475794,手賀沼蓮再生祈念
YUJH79PK6,1,255340538,とりあえず
92C5402DU,1,251812448,蓮沼に落ちたP
21H35TFLB,1,245971745,キツネとさくら
X26PRHNVB,1,236835677,遅寝遅起き
05X03XWAD,1,236556514,よこ
ATL2PHD3T,1,230215209,∮
WADLELW58,1,228132160,ゆったりし隊
8F6VFDJHN,1,220213155,蓮ノ空幼稚園
E8P2VN49C,1,220142495,ポタリング部
Y9J5YBPFC,1,216099430,ドルケストラ愛部
LXJE8DWBD,1,215471484,ぼっち(綴理推し
KPFATPR3M,1,196408579,TRUTH
KJ706R57L,1,196072664,個人用
P0KRCV1B5,1,193478037,リンクラクラブ
TMX7L4UCB,1,188448808,うさうさ団
91WTLC1N9,2,174745612,花帆うさき最高
GEW55W510,1,169204703,、
9216GYDDU,1,162928211,ひー
G3X8X7W8W,1,159125940,徒町好き町
2FNB67NUV,1,156221500,9038gang
43AJ7FFV0,1,150943877,こずるりくらぶ
87HDVV93G,1,149213671,みらぱ可愛い講座
UND6M6XMY,1,130182324,ゆめゆめぱーく
KMB0AKP3H,1,117846669,empty
HHVF0UCNC,1,116133536,個人用
0CLBM36V7,1,115553870,ひとりぼっち
RKFX4KHVV,1,103205968,うんまきゃ
5U3W3560U,1,101903818,来栖りんりん
XL0KW660Y,1,99983870,綴理さや小鈴
FKHHJ07YX,1,99185658,蓮ノ空共産同盟
J3FB49T8H,1,92204214,魔女集会
HV55DF703,1,82170328,ちゃううさ
7VDF2ULY9,1,79868906,のんびりまったり
YHMTW891A,1,79819609,のんびり
UD596LJJV,1,73636454,dreams
F1GM707GC,1,63693598,バイオハザード4
PA9896VH8,1,60634262,ひとり
LEC0KKMGL,1,60183640,蓮の空研究部
LU6013RUG,1,48667671,純喫茶ゆにしあ
1KC0J47LE,1,45568390,迷宮の妖精
F6XDTBB4F,1,39064810,憧れのアイドル
CVCV4YGB5,1,34190329,トライトン
EH6MX6953,1,31346628,もんけいくらぶ
H6VWMH6GA,1,30980985,ボクなんなの。
YWJRT4F13,1,28646248,のんびり
FJC1YTVX6,1,28219805,ライナー
0HW56TXE9,1,26860237,蓮ノ空教務支援室
A4L6LMBH3,1,15373898,ちゃんぬる
VFDU0W7F3,1,11613018,wing
WKA31XC02,1,6951316,サークル14
EDFYCJ9HC,1,2810974,こや
NDNY1H02A,1,2140417,シェケナフォース
NCTL2W61M,1,1607222,すずさや最高
NTMCHE165,1,1520549,蓮ノ空眼鏡破壊部
2HAXH72NK,1,1144851,ゆき高校
KPLDLRJ9N,1,1099773,デュタラノピア
VMH75DVLR,1,27506,test
6JPXTKDBB,1,0,DAISUKE
A457YXJ5R,1,0,個人用
AC94W0LN2,1,0,無言で自由に
C1T8YHJ6H,1,0,みらくら視聴覚室
ETWMDKE2U,1,0,。
F69U59H6J,1,0,あ
R757D4GE6,1,0,空
TJA5LCK8K,1,0,弓張学園美術部
U80CT2FAD,1,0,--_--
